{
    "500000.0": {
        "eval/walltime": 60.16287636756897,
        "training/sps": 13666.850323525916,
        "training/walltime": 47.952526330947876,
        "training/entropy_loss": -0.013356336392462254,
        "training/policy_loss": 0.09056304395198822,
        "training/total_loss": 0.19649118185043335,
        "training/v_loss": 0.1192844808101654,
        "eval/episode_distance_from_origin": 18.750568389892578,
        "eval/episode_forward_reward": 2.8474016189575195,
        "eval/episode_reward": 106.14686584472656,
        "eval/episode_reward_alive": 116.484375,
        "eval/episode_reward_linvel": 2.8474016189575195,
        "eval/episode_reward_quadctrl": -13.184911727905273,
        "eval/episode_x_position": 0.8523967266082764,
        "eval/episode_x_velocity": 2.277921199798584,
        "eval/episode_y_position": 0.14085501432418823,
        "eval/episode_y_velocity": 0.9594869017601013,
        "eval/episode_distance_from_origin_std": 5.988162040710449,
        "eval/episode_forward_reward_std": 4.478576183319092,
        "eval/episode_reward_std": 32.35470962524414,
        "eval/episode_reward_alive_std": 36.06287384033203,
        "eval/episode_reward_linvel_std": 4.478576183319092,
        "eval/episode_reward_quadctrl_std": 4.145087242126465,
        "eval/episode_x_position_std": 0.9479514956474304,
        "eval/episode_x_velocity_std": 3.5828611850738525,
        "eval/episode_y_position_std": 1.0583693981170654,
        "eval/episode_y_velocity_std": 4.358154296875,
        "eval/avg_episode_length": 23.296875,
        "eval/epoch_eval_time": 60.16287636756897,
        "eval/sps": 2127.5578517552212,
        "runtime": 129.4849956035614
    },
    "752982.9273074613": {
        "eval/walltime": 55.775928020477295,
        "training/sps": 19332.14046679307,
        "training/walltime": 50.85003399848938,
        "training/entropy_loss": -0.013300061225891113,
        "training/policy_loss": 0.040923770517110825,
        "training/total_loss": 0.15764179825782776,
        "training/v_loss": 0.13001810014247894,
        "eval/episode_distance_from_origin": 24.037334442138672,
        "eval/episode_forward_reward": 3.747377872467041,
        "eval/episode_reward": 135.4846649169922,
        "eval/episode_reward_alive": 148.59375,
        "eval/episode_reward_linvel": 3.747377872467041,
        "eval/episode_reward_quadctrl": -16.85646629333496,
        "eval/episode_x_position": 1.2405918836593628,
        "eval/episode_x_velocity": 2.9979023933410645,
        "eval/episode_y_position": 0.3171828091144562,
        "eval/episode_y_velocity": 1.793773889541626,
        "eval/episode_distance_from_origin_std": 7.184293746948242,
        "eval/episode_forward_reward_std": 6.199609756469727,
        "eval/episode_reward_std": 37.92166519165039,
        "eval/episode_reward_alive_std": 42.974998474121094,
        "eval/episode_reward_linvel_std": 6.199609756469727,
        "eval/episode_reward_quadctrl_std": 4.94599723815918,
        "eval/episode_x_position_std": 1.344555377960205,
        "eval/episode_x_velocity_std": 4.95968770980835,
        "eval/episode_y_position_std": 1.8882107734680176,
        "eval/episode_y_velocity_std": 6.7054548263549805,
        "eval/avg_episode_length": 29.71875,
        "eval/epoch_eval_time": 55.775928020477295,
        "eval/sps": 2294.8968227477403,
        "runtime": 131.33408427238464
    },
    "1133966.577633027": {
        "eval/walltime": 53.881954193115234,
        "training/sps": 21616.569656499374,
        "training/walltime": 60.6349675655365,
        "training/entropy_loss": -0.013209357857704163,
        "training/policy_loss": 0.018925072625279427,
        "training/total_loss": 0.14399534463882446,
        "training/v_loss": 0.13827963173389435,
        "eval/episode_distance_from_origin": 27.9356632232666,
        "eval/episode_forward_reward": 6.99181604385376,
        "eval/episode_reward": 159.3534393310547,
        "eval/episode_reward_alive": 171.875,
        "eval/episode_reward_linvel": 6.99181604385376,
        "eval/episode_reward_quadctrl": -19.513368606567383,
        "eval/episode_x_position": 2.1758480072021484,
        "eval/episode_x_velocity": 5.5934529304504395,
        "eval/episode_y_position": 0.4417401850223541,
        "eval/episode_y_velocity": 2.0247201919555664,
        "eval/episode_distance_from_origin_std": 6.809835910797119,
        "eval/episode_forward_reward_std": 7.494414806365967,
        "eval/episode_reward_std": 37.86048889160156,
        "eval/episode_reward_alive_std": 40.316131591796875,
        "eval/episode_reward_linvel_std": 7.494414806365967,
        "eval/episode_reward_quadctrl_std": 4.618783950805664,
        "eval/episode_x_position_std": 1.9127681255340576,
        "eval/episode_x_velocity_std": 5.995532035827637,
        "eval/episode_y_position_std": 2.088324546813965,
        "eval/episode_y_velocity_std": 7.525238990783691,
        "eval/avg_episode_length": 34.375,
        "eval/epoch_eval_time": 53.881954193115234,
        "eval/sps": 2375.563431519995,
        "runtime": 136.42966103553772
    },
    "1707714.9461898806": {
        "eval/walltime": 55.34988212585449,
        "training/sps": 30206.13679909097,
        "training/walltime": 65.08876037597656,
        "training/entropy_loss": -0.013005598448216915,
        "training/policy_loss": 0.0019436724251136184,
        "training/total_loss": 0.13097983598709106,
        "training/v_loss": 0.14204175770282745,
        "eval/episode_distance_from_origin": 32.340667724609375,
        "eval/episode_forward_reward": 8.174274444580078,
        "eval/episode_reward": 183.7674560546875,
        "eval/episode_reward_alive": 197.6953125,
        "eval/episode_reward_linvel": 8.174274444580078,
        "eval/episode_reward_quadctrl": -22.102127075195312,
        "eval/episode_x_position": 2.7180356979370117,
        "eval/episode_x_velocity": 6.539419651031494,
        "eval/episode_y_position": 0.4349292814731598,
        "eval/episode_y_velocity": 1.091543436050415,
        "eval/episode_distance_from_origin_std": 6.785057544708252,
        "eval/episode_forward_reward_std": 9.51492977142334,
        "eval/episode_reward_std": 34.28249740600586,
        "eval/episode_reward_alive_std": 39.3596305847168,
        "eval/episode_reward_linvel_std": 9.51492977142334,
        "eval/episode_reward_quadctrl_std": 4.583535194396973,
        "eval/episode_x_position_std": 2.3207836151123047,
        "eval/episode_x_velocity_std": 7.611944198608398,
        "eval/episode_y_position_std": 3.029376745223999,
        "eval/episode_y_velocity_std": 8.853255271911621,
        "eval/avg_episode_length": 39.5390625,
        "eval/epoch_eval_time": 55.34988212585449,
        "eval/sps": 2312.561383761464,
        "runtime": 141.58111262321472
    },
    "2571760.39837752": {
        "eval/walltime": 54.20664715766907,
        "training/sps": 34788.66279420053,
        "training/walltime": 75.35328435897827,
        "training/entropy_loss": -0.012835662811994553,
        "training/policy_loss": -0.0017956552328541875,
        "training/total_loss": 0.09734135866165161,
        "training/v_loss": 0.11197268217802048,
        "eval/episode_distance_from_origin": 33.935516357421875,
        "eval/episode_forward_reward": 10.698470115661621,
        "eval/episode_reward": 194.28372192382812,
        "eval/episode_reward_alive": 206.4453125,
        "eval/episode_reward_linvel": 10.698470115661621,
        "eval/episode_reward_quadctrl": -22.86005401611328,
        "eval/episode_x_position": 3.7062735557556152,
        "eval/episode_x_velocity": 8.55877685546875,
        "eval/episode_y_position": 0.32622507214546204,
        "eval/episode_y_velocity": 0.8445665240287781,
        "eval/episode_distance_from_origin_std": 6.257208347320557,
        "eval/episode_forward_reward_std": 10.924872398376465,
        "eval/episode_reward_std": 32.65231704711914,