{
    "0": {
        "eval/walltime": 157.0318329334259,
        "eval/episode_distance_from_origin": 3.4070754051208496,
        "eval/episode_reward": 13.50360107421875,
        "eval/episode_reward_alive": 16.3125,
        "eval/episode_reward_ctrl": -3.943305492401123,
        "eval/episode_reward_fwd": -2.3711273670196533,
        "eval/episode_reward_lowvel": 0.0,
        "eval/episode_reward_vert": 3.5055341720581055,
        "eval/episode_x_position": -0.8381595015525818,
        "eval/episode_x_velocity": -1.1855636835098267,
        "eval/episode_y_position": 0.17067110538482666,
        "eval/episode_y_velocity": 0.20541708171367645,
        "eval/episode_z_position": 2.574382781982422,
        "eval/episode_z_velocity": -1.4181225299835205,
        "eval/episode_distance_from_origin_std": 1.5774613618850708,
        "eval/episode_reward_std": 7.3929009437561035,
        "eval/episode_reward_alive_std": 6.002277851104736,
        "eval/episode_reward_ctrl_std": 1.4588508605957031,
        "eval/episode_reward_fwd_std": 4.044188022613525,
        "eval/episode_reward_lowvel_std": 0.0,
        "eval/episode_reward_vert_std": 1.2872573137283325,
        "eval/episode_x_position_std": 1.6927646398544312,
        "eval/episode_x_velocity_std": 2.0220940113067627,
        "eval/episode_y_position_std": 1.3744995594024658,
        "eval/episode_y_velocity_std": 1.9846891164779663,
        "eval/episode_z_position_std": 0.9562689661979675,
        "eval/episode_z_velocity_std": 1.2444725036621094,
        "eval/avg_episode_length": 16.3125,
        "eval/epoch_eval_time": 157.0318329334259,
        "eval/sps": 815.1213522054854
    },
    "2293760": {
        "eval/walltime": 208.65427589416504,
        "training/sps": 6571.477703250972,
        "training/walltime": 349.0478250980377,
        "training/entropy_loss": -0.010053642094135284,
        "training/policy_loss": 0.015198715962469578,
        "training/total_loss": 0.035134222358465195,
        "training/v_loss": 0.029989145696163177,
        "eval/episode_distance_from_origin": 25.622821807861328,
        "eval/episode_reward": 108.41452026367188,
        "eval/episode_reward_alive": 100.4453125,
        "eval/episode_reward_ctrl": -23.072864532470703,
        "eval/episode_reward_fwd": 7.6187543869018555,
        "eval/episode_reward_lowvel": 0.0,
        "eval/episode_reward_vert": 23.42331886291504,
        "eval/episode_x_position": 5.870731353759766,
        "eval/episode_x_velocity": 3.8093771934509277,
        "eval/episode_y_position": -0.4294782280921936,
        "eval/episode_y_velocity": -0.13552901148796082,
        "eval/episode_z_position": 16.29271697998047,
        "eval/episode_z_velocity": -0.757008969783783,
        "eval/episode_distance_from_origin_std": 22.24997329711914,
        "eval/episode_reward_std": 72.59390258789062,
        "eval/episode_reward_alive_std": 71.03946685791016,
        "eval/episode_reward_ctrl_std": 16.37990951538086,
        "eval/episode_reward_fwd_std": 7.205633640289307,
        "eval/episode_reward_lowvel_std": 0.0,
        "eval/episode_reward_vert_std": 16.729921340942383,
        "eval/episode_x_position_std": 19.373512268066406,
        "eval/episode_x_velocity_std": 3.6028168201446533,
        "eval/episode_y_position_std": 14.39809799194336,
        "eval/episode_y_velocity_std": 3.2627084255218506,
        "eval/episode_z_position_std": 11.271431922912598,
        "eval/episode_z_velocity_std": 1.2101268768310547,
        "eval/avg_episode_length": 100.4453125,
        "eval/epoch_eval_time": 51.622442960739136,
        "eval/sps": 2479.5417004450746
    },
    "4587520": {
        "eval/walltime": 259.81657695770264,
        "training/sps": 9660.536674733248,
        "training/walltime": 586.483909368515,
        "training/entropy_loss": -0.008461914025247097,
        "training/policy_loss": -0.01618371717631817,
        "training/total_loss": -0.011235724203288555,
        "training/v_loss": 0.01340990886092186,
        "eval/episode_distance_from_origin": 431.76605224609375,
        "eval/episode_reward": 809.38525390625,
        "eval/episode_reward_alive": 784.9609375,
        "eval/episode_reward_ctrl": -169.90528869628906,
        "eval/episode_reward_fwd": 25.4191837310791,
        "eval/episode_reward_lowvel": 0.0,
        "eval/episode_reward_vert": 168.91041564941406,
        "eval/episode_x_position": 359.3148498535156,
        "eval/episode_x_velocity": 12.70959186553955,
        "eval/episode_y_position": 13.99264144897461,
        "eval/episode_y_velocity": -0.3397398293018341,
        "eval/episode_z_position": 115.68304443359375,
        "eval/episode_z_velocity": -0.7412641048431396,
        "eval/episode_distance_from_origin_std": 285.2469787597656,
        "eval/episode_reward_std": 344.6099548339844,
        "eval/episode_reward_alive_std": 340.57354736328125,
        "eval/episode_reward_ctrl_std": 73.320068359375,
        "eval/episode_reward_fwd_std": 15.387676239013672,
        "eval/episode_reward_lowvel_std": 0.0,
        "eval/episode_reward_vert_std": 71.55862426757812,
        "eval/episode_x_position_std": 274.27838134765625,
        "eval/episode_x_velocity_std": 7.693838119506836,
        "eval/episode_y_position_std": 191.06021118164062,
        "eval/episode_y_velocity_std": 5.810298919677734,
        "eval/episode_z_position_std": 48.528438568115234,
        "eval/episode_z_velocity_std": 1.1255196332931519,
        "eval/avg_episode_length": 784.9609375,
        "eval/epoch_eval_time": 51.1623010635376,
        "eval/sps": 2501.8421247519527
    },
    "6881280": {
        "eval/walltime": 310.70226979255676,
        "training/sps": 9691.585334861209,
        "training/walltime": 823.1593263149261,
        "training/entropy_loss": -0.007862853817641735,
        "training/policy_loss": -0.014129484072327614,
        "training/total_loss": -0.01819026470184326,
        "training/v_loss": 0.0038020724896341562,
        "eval/episode_distance_from_origin": 1030.28857421875,
        "eval/episode_reward": 829.1875,
        "eval/episode_reward_alive": 728.921875,
        "eval/episode_reward_ctrl": -138.0570831298828,
        "eval/episode_reward_fwd": 79.26644134521484,
        "eval/episode_reward_lowvel": 0.0,
        "eval/episode_reward_vert": 159.056396484375,
        "eval/episode_x_position": 977.2382202148438,
        "eval/episode_x_velocity": 39.63322067260742,
        "eval/episode_y_position": -123.8399658203125,
        "eval/episode_y_velocity": -6.162914752960205,
        "eval/episode_z_position": 110.17764282226562,
        "eval/episode_z_velocity": -0.8345766067504883,
        "eval/episode_distance_from_origin_std": 649.2840576171875,
        "eval/episode_reward_std": 381.0291748046875,
        "eval/episode_reward_alive_std": 342.8105773925781,
        "eval/episode_reward_ctrl_std": 63.17372512817383,
        "eval/episode_reward_fwd_std": 34.43385696411133,
        "eval/episode_reward_lowvel_std": 0.0,
        "eval/episode_reward_vert_std": 72.8060531616211,
        "eval/episode_x_position_std": 629.4683837890625,
        "eval/episode_x_velocity_std": 17.216928482055664,
        "eval/episode_y_position_std": 275.1059265136719,
        "eval/episode_y_velocity_std": 9.398831367492676,
        "eval/episode_z_position_std": 49.94929885864258,
        "eval/episode_z_velocity_std": 1.1878714561462402,
        "eval/avg_episode_length": 728.921875,
        "eval/epoch_eval_time": 50.885692834854126,
        "eval/sps": 2515.4418239998195
    },
    "9175040": {
        "eval/walltime": 362.00086092948914,
        "training/sps": 9657.290946245692,
        "training/walltime": 1060.6752107143402,
        "training/entropy_loss": -0.006696670316159725,
        "training/policy_loss": -0.014256502501666546,
        "training/total_loss": -0.01535633485764265,
        "training/v_loss": 0.0055968379601836205,
        "eval/episode_distance_from_origin": 3478.147705078125,