{
    "0": {
        "eval/walltime": 159.14302611351013,
        "eval/episode_distance_from_origin": 3.451876401901245,
        "eval/episode_reward": 13.608538627624512,
        "eval/episode_reward_alive": 16.4609375,
        "eval/episode_reward_ctrl": -3.9830093383789062,
        "eval/episode_reward_fwd": -2.405794143676758,
        "eval/episode_reward_lowvel": 0.0,
        "eval/episode_reward_vert": 3.5364043712615967,
        "eval/episode_x_position": -0.8685078620910645,
        "eval/episode_x_velocity": -1.202897071838379,
        "eval/episode_y_position": 0.15381580591201782,
        "eval/episode_y_velocity": 0.14997369050979614,
        "eval/episode_z_position": 2.599658966064453,
        "eval/episode_z_velocity": -1.4285471439361572,
        "eval/episode_distance_from_origin_std": 1.7514822483062744,
        "eval/episode_reward_std": 7.6045684814453125,
        "eval/episode_reward_alive_std": 6.37120246887207,
        "eval/episode_reward_ctrl_std": 1.5562525987625122,
        "eval/episode_reward_fwd_std": 4.123956680297852,
        "eval/episode_reward_lowvel_std": 0.0,
        "eval/episode_reward_vert_std": 1.364663004875183,
        "eval/episode_x_position_std": 1.8102970123291016,
        "eval/episode_x_velocity_std": 2.061978340148926,
        "eval/episode_y_position_std": 1.3939496278762817,
        "eval/episode_y_velocity_std": 2.082479238510132,
        "eval/episode_z_position_std": 1.017478585243225,
        "eval/episode_z_velocity_std": 1.2442891597747803,
        "eval/avg_episode_length": 16.4609375,
        "eval/epoch_eval_time": 159.14302611351013,
        "eval/sps": 804.3079431498487
    },
    "1310720": {
        "eval/walltime": 210.83068990707397,
        "training/sps": 5317.707228849484,
        "training/walltime": 246.48216676712036,
        "training/entropy_loss": -0.010508120059967041,
        "training/policy_loss": 0.04532051831483841,
        "training/total_loss": 0.0606439933180809,
        "training/v_loss": 0.025831595063209534,
        "eval/episode_distance_from_origin": 7.755741119384766,
        "eval/episode_reward": 38.008399963378906,
        "eval/episode_reward_alive": 34.203125,
        "eval/episode_reward_ctrl": -7.788557529449463,
        "eval/episode_reward_fwd": 3.9030508995056152,
        "eval/episode_reward_lowvel": 0.0,
        "eval/episode_reward_vert": 7.690779209136963,
        "eval/episode_x_position": 0.9601836204528809,
        "eval/episode_x_velocity": 1.9515254497528076,
        "eval/episode_y_position": 0.6824178695678711,
        "eval/episode_y_velocity": 0.8043317794799805,
        "eval/episode_z_position": 5.600554943084717,
        "eval/episode_z_velocity": -0.9743765592575073,
        "eval/episode_distance_from_origin_std": 5.515296936035156,
        "eval/episode_reward_std": 22.511642456054688,
        "eval/episode_reward_alive_std": 20.716976165771484,
        "eval/episode_reward_ctrl_std": 4.743467330932617,
        "eval/episode_reward_fwd_std": 5.4391279220581055,
        "eval/episode_reward_lowvel_std": 0.0,
        "eval/episode_reward_vert_std": 4.610297203063965,
        "eval/episode_x_position_std": 5.025998592376709,
        "eval/episode_x_velocity_std": 2.7195639610290527,
        "eval/episode_y_position_std": 3.3312652111053467,
        "eval/episode_y_velocity_std": 2.831742525100708,
        "eval/episode_z_position_std": 3.2870473861694336,
        "eval/episode_z_velocity_std": 1.344159722328186,
        "eval/avg_episode_length": 34.203125,
        "eval/epoch_eval_time": 51.68766379356384,
        "eval/sps": 2476.4129505102255
    },
    "2621440": {
        "eval/walltime": 262.23778533935547,
        "training/sps": 9650.899249309472,
        "training/walltime": 382.29541754722595,
        "training/entropy_loss": -0.009675533510744572,
        "training/policy_loss": -0.02390621230006218,
        "training/total_loss": -0.00028586876578629017,
        "training/v_loss": 0.033295877277851105,
        "eval/episode_distance_from_origin": 48.277523040771484,
        "eval/episode_reward": 168.924072265625,
        "eval/episode_reward_alive": 160.53125,
        "eval/episode_reward_ctrl": -36.638427734375,
        "eval/episode_reward_fwd": 9.488330841064453,
        "eval/episode_reward_lowvel": 0.0,
        "eval/episode_reward_vert": 35.54291534423828,
        "eval/episode_x_position": 23.276172637939453,
        "eval/episode_x_velocity": 4.744165420532227,
        "eval/episode_y_position": -0.08176463842391968,
        "eval/episode_y_velocity": 0.3311867415904999,
        "eval/episode_z_position": 25.228750228881836,
        "eval/episode_z_velocity": -0.9190027713775635,
        "eval/episode_distance_from_origin_std": 50.106048583984375,
        "eval/episode_reward_std": 133.07852172851562,
        "eval/episode_reward_alive_std": 133.66993713378906,
        "eval/episode_reward_ctrl_std": 30.566064834594727,
        "eval/episode_reward_fwd_std": 8.075851440429688,
        "eval/episode_reward_lowvel_std": 0.0,
        "eval/episode_reward_vert_std": 28.715471267700195,
        "eval/episode_x_position_std": 42.852474212646484,
        "eval/episode_x_velocity_std": 4.037925720214844,
        "eval/episode_y_position_std": 29.45574951171875,
        "eval/episode_y_velocity_std": 4.117765426635742,
        "eval/episode_z_position_std": 20.193906784057617,
        "eval/episode_z_velocity_std": 1.285406470298767,
        "eval/avg_episode_length": 160.53125,
        "eval/epoch_eval_time": 51.407095432281494,
        "eval/sps": 2489.9286552498234
    },
    "3932160": {
        "eval/walltime": 313.42065238952637,
        "training/sps": 9660.897641822055,
        "training/walltime": 517.9681105613708,
        "training/entropy_loss": -0.008811959996819496,
        "training/policy_loss": -0.016436107456684113,
        "training/total_loss": -0.010593673214316368,
        "training/v_loss": 0.01465439423918724,
        "eval/episode_distance_from_origin": 305.2157287597656,
        "eval/episode_reward": 703.5036010742188,
        "eval/episode_reward_alive": 697.125,
        "eval/episode_reward_ctrl": -155.05056762695312,
        "eval/episode_reward_fwd": 20.20159149169922,
        "eval/episode_reward_lowvel": 0.0,
        "eval/episode_reward_vert": 141.22760009765625,
        "eval/episode_x_position": 246.96920776367188,
        "eval/episode_x_velocity": 10.10079574584961,
        "eval/episode_y_position": 6.597427845001221,
        "eval/episode_y_velocity": 1.0649977922439575,
        "eval/episode_z_position": 99.24897766113281,
        "eval/episode_z_velocity": -0.8681955337524414,
        "eval/episode_distance_from_origin_std": 218.05987548828125,
        "eval/episode_reward_std": 373.2761535644531,
        "eval/episode_reward_alive_std": 377.474365234375,
        "eval/episode_reward_ctrl_std": 83.63131713867188,
        "eval/episode_reward_fwd_std": 11.499262809753418,
        "eval/episode_reward_lowvel_std": 0.0,
        "eval/episode_reward_vert_std": 74.81892395019531,
        "eval/episode_x_position_std": 210.52655029296875,
        "eval/episode_x_velocity_std": 5.749631404876709,
        "eval/episode_y_position_std": 123.7541732788086,
        "eval/episode_y_velocity_std": 4.639601707458496,
        "eval/episode_z_position_std": 52.15523147583008,
        "eval/episode_z_velocity_std": 1.2774128913879395,
        "eval/avg_episode_length": 697.125,
        "eval/epoch_eval_time": 51.1828670501709,
        "eval/sps": 2500.8368498492036
    },
    "5242880": {
        "eval/walltime": 364.36054706573486,
        "training/sps": 9675.38457241495,
        "training/walltime": 653.4376611709595,
        "training/entropy_loss": -0.008214147761464119,
        "training/policy_loss": -0.01449531689286232,
        "training/total_loss": -0.019866833463311195,
        "training/v_loss": 0.0028426325879991055,
        "eval/episode_distance_from_origin": 640.8213500976562,