{
    "0": {
        "eval/walltime": 245.1894509792328,
        "eval/episode_distance_from_origin": 11.716659545898438,
        "eval/episode_forward_reward": -5.994451999664307,
        "eval/episode_reward": -32.554840087890625,
        "eval/episode_reward_alive": 22.34375,
        "eval/episode_reward_linvel": -5.994451999664307,
        "eval/episode_reward_quadctrl": -54.78246307373047,
        "eval/episode_vertical_reward": 5.878324031829834,
        "eval/episode_x_position": -3.678337812423706,
        "eval/episode_x_velocity": -0.5214297771453857,
        "eval/episode_y_position": 2.4007372856140137,
        "eval/episode_y_velocity": 2.061253309249878,
        "eval/episode_z_position": 5.489041328430176,
        "eval/episode_z_velocity": -1.4867873191833496,
        "eval/episode_distance_from_origin_std": 13.29624080657959,
        "eval/episode_forward_reward_std": 17.474437713623047,
        "eval/episode_reward_std": 26.060853958129883,
        "eval/episode_reward_alive_std": 12.58498477935791,
        "eval/episode_reward_linvel_std": 17.474437713623047,
        "eval/episode_reward_quadctrl_std": 32.07200622558594,
        "eval/episode_vertical_reward_std": 5.555184364318848,
        "eval/episode_x_position_std": 8.59615707397461,
        "eval/episode_x_velocity_std": 9.0243558883667,
        "eval/episode_y_position_std": 10.29141902923584,
        "eval/episode_y_velocity_std": 10.016895294189453,
        "eval/episode_z_position_std": 5.653973579406738,
        "eval/episode_z_velocity_std": 1.2944774627685547,
        "eval/avg_episode_length": 22.34375,
        "eval/epoch_eval_time": 245.1894509792328,
        "eval/sps": 522.0452979881318
    },
    "1310720": {
        "eval/walltime": 298.6482000350952,
        "training/sps": 2837.3872733789785,
        "training/walltime": 461.9461052417755,
        "training/entropy_loss": -0.010867693461477757,
        "training/policy_loss": 0.05521185323596001,
        "training/total_loss": 0.12083005905151367,
        "training/v_loss": 0.07648589462041855,
        "eval/episode_distance_from_origin": 21.84332275390625,
        "eval/episode_forward_reward": 0.6809983253479004,
        "eval/episode_reward": 12.832014083862305,
        "eval/episode_reward_alive": 35.3046875,
        "eval/episode_reward_linvel": 0.6809983253479004,
        "eval/episode_reward_quadctrl": -31.881549835205078,
        "eval/episode_vertical_reward": 8.727880477905273,
        "eval/episode_x_position": -0.4434630870819092,
        "eval/episode_x_velocity": -0.07250261306762695,
        "eval/episode_y_position": 0.648651123046875,
        "eval/episode_y_velocity": -0.9749011993408203,
        "eval/episode_z_position": 8.05100154876709,
        "eval/episode_z_velocity": -1.1895912885665894,
        "eval/episode_distance_from_origin_std": 32.51213836669922,
        "eval/episode_forward_reward_std": 54.70368194580078,
        "eval/episode_reward_std": 60.70125198364258,
        "eval/episode_reward_alive_std": 29.40837287902832,
        "eval/episode_reward_linvel_std": 54.70368194580078,
        "eval/episode_reward_quadctrl_std": 26.96625518798828,
        "eval/episode_vertical_reward_std": 8.196883201599121,
        "eval/episode_x_position_std": 27.08537483215332,
        "eval/episode_x_velocity_std": 12.077798843383789,
        "eval/episode_y_position_std": 16.981664657592773,
        "eval/episode_y_velocity_std": 12.089045524597168,
        "eval/episode_z_position_std": 8.02741527557373,
        "eval/episode_z_velocity_std": 1.1662176847457886,
        "eval/avg_episode_length": 35.3046875,
        "eval/epoch_eval_time": 53.45874905586243,
        "eval/sps": 2394.369532782084
    },
    "2621440": {
        "eval/walltime": 352.0887315273285,
        "training/sps": 6061.573054775086,
        "training/walltime": 678.1804041862488,
        "training/entropy_loss": -0.010486694052815437,
        "training/policy_loss": -0.013950185850262642,
        "training/total_loss": 0.05829052999615669,
        "training/v_loss": 0.08272741734981537,
        "eval/episode_distance_from_origin": 26.67650604248047,
        "eval/episode_forward_reward": 15.578424453735352,
        "eval/episode_reward": 30.970966339111328,
        "eval/episode_reward_alive": 38.53125,
        "eval/episode_reward_linvel": 15.578424453735352,
        "eval/episode_reward_quadctrl": -33.23766326904297,
        "eval/episode_vertical_reward": 10.098953247070312,
        "eval/episode_x_position": 6.810746192932129,
        "eval/episode_x_velocity": 7.121405601501465,
        "eval/episode_y_position": 4.052083969116211,
        "eval/episode_y_velocity": 1.538323998451233,
        "eval/episode_z_position": 9.416226387023926,
        "eval/episode_z_velocity": -1.1227638721466064,
        "eval/episode_distance_from_origin_std": 29.68610954284668,
        "eval/episode_forward_reward_std": 47.59172821044922,
        "eval/episode_reward_std": 52.858558654785156,
        "eval/episode_reward_alive_std": 24.011369705200195,
        "eval/episode_reward_linvel_std": 47.59172821044922,
        "eval/episode_reward_quadctrl_std": 21.025875091552734,
        "eval/episode_vertical_reward_std": 7.190635681152344,
        "eval/episode_x_position_std": 23.788732528686523,
        "eval/episode_x_velocity_std": 14.197760581970215,
        "eval/episode_y_position_std": 23.623476028442383,
        "eval/episode_y_velocity_std": 13.3191556930542,
        "eval/episode_z_position_std": 7.003471374511719,
        "eval/episode_z_velocity_std": 1.259761095046997,
        "eval/avg_episode_length": 38.53125,
        "eval/epoch_eval_time": 53.440531492233276,
        "eval/sps": 2395.1857593071045
    },
    "3932160": {
        "eval/walltime": 405.66665744781494,
        "training/sps": 6067.131936488657,
        "training/walltime": 894.2165830135345,
        "training/entropy_loss": -0.010123828426003456,
        "training/policy_loss": -0.01363375224173069,
        "training/total_loss": 0.14352254569530487,
        "training/v_loss": 0.16728012263774872,
        "eval/episode_distance_from_origin": 40.80912780761719,
        "eval/episode_forward_reward": 27.532047271728516,
        "eval/episode_reward": 46.52606201171875,
        "eval/episode_reward_alive": 42.125,
        "eval/episode_reward_linvel": 27.532047271728516,
        "eval/episode_reward_quadctrl": -35.548431396484375,
        "eval/episode_vertical_reward": 12.417448043823242,
        "eval/episode_x_position": 12.879060745239258,
        "eval/episode_x_velocity": 12.4808931350708,
        "eval/episode_y_position": 9.633977890014648,
        "eval/episode_y_velocity": 5.016773223876953,
        "eval/episode_z_position": 11.64792537689209,
        "eval/episode_z_velocity": -1.1400558948516846,
        "eval/episode_distance_from_origin_std": 50.10625457763672,
        "eval/episode_forward_reward_std": 85.15055084228516,
        "eval/episode_reward_std": 91.10614013671875,
        "eval/episode_reward_alive_std": 29.056787490844727,
        "eval/episode_reward_linvel_std": 85.15055084228516,
        "eval/episode_reward_quadctrl_std": 24.692033767700195,
        "eval/episode_vertical_reward_std": 9.29765796661377,
        "eval/episode_x_position_std": 42.452674865722656,
        "eval/episode_x_velocity_std": 17.12388801574707,
        "eval/episode_y_position_std": 36.58145523071289,
        "eval/episode_y_velocity_std": 18.471538543701172,
        "eval/episode_z_position_std": 8.952849388122559,
        "eval/episode_z_velocity_std": 1.2459533214569092,
        "eval/avg_episode_length": 42.125,
        "eval/epoch_eval_time": 53.57792592048645,
        "eval/sps": 2389.043580932217
    },
    "5242880": {
        "eval/walltime": 459.13076162338257,
        "training/sps": 6074.214882887779,
        "training/walltime": 1110.0008490085602,
        "training/entropy_loss": -0.009776412509381771,