{
    "0": {
        "eval/walltime": 222.26395535469055,
        "eval/episode_distance_from_origin": 3.448248863220215,
        "eval/episode_reward": -457.8452453613281,
        "eval/episode_reward_alive": 16.4375,
        "eval/episode_reward_ctrl": -15.9208984375,
        "eval/episode_reward_fwd": -2.4008517265319824,
        "eval/episode_reward_lowvel": -459.4914855957031,
        "eval/episode_reward_vert": 3.530489921569824,
        "eval/episode_x_position": -0.863373339176178,
        "eval/episode_x_velocity": -1.2004258632659912,
        "eval/episode_y_position": 0.15588092803955078,
        "eval/episode_y_velocity": 0.16394001245498657,
        "eval/episode_z_position": 2.5970840454101562,
        "eval/episode_z_velocity": -1.4324276447296143,
        "eval/episode_distance_from_origin_std": 1.7408740520477295,
        "eval/episode_reward_std": 893.1416015625,
        "eval/episode_reward_alive_std": 6.250937461853027,
        "eval/episode_reward_ctrl_std": 6.109496593475342,
        "eval/episode_reward_fwd_std": 4.136997222900391,
        "eval/episode_reward_lowvel_std": 893.5352783203125,
        "eval/episode_reward_vert_std": 1.3386814594268799,
        "eval/episode_x_position_std": 1.8197574615478516,
        "eval/episode_x_velocity_std": 2.0684986114501953,
        "eval/episode_y_position_std": 1.3708564043045044,
        "eval/episode_y_velocity_std": 2.075603723526001,
        "eval/episode_z_position_std": 1.0068529844284058,
        "eval/episode_z_velocity_std": 1.2392704486846924,
        "eval/avg_episode_length": 16.4375,
        "eval/epoch_eval_time": 222.26395535469055,
        "eval/sps": 575.8918480314841
    },
    "1310720": {
        "eval/walltime": 276.47785925865173,
        "training/sps": 2924.8847013493078,
        "training/walltime": 448.1270661354065,
        "training/entropy_loss": -0.010715711861848831,
        "training/policy_loss": 0.02336939051747322,
        "training/total_loss": 1260.648681640625,
        "training/v_loss": 1260.635986328125,
        "eval/episode_distance_from_origin": 2.4734110832214355,
        "eval/episode_reward": -244.81307983398438,
        "eval/episode_reward_alive": 12.015625,
        "eval/episode_reward_ctrl": -11.604279518127441,
        "eval/episode_reward_fwd": -2.5049617290496826,
        "eval/episode_reward_lowvel": -245.30174255371094,
        "eval/episode_reward_vert": 2.582277774810791,
        "eval/episode_x_position": -0.5063090324401855,
        "eval/episode_x_velocity": -1.2524808645248413,
        "eval/episode_y_position": -0.022156618535518646,
        "eval/episode_y_velocity": -0.18239419162273407,
        "eval/episode_z_position": 1.9110107421875,
        "eval/episode_z_velocity": -1.2807718515396118,
        "eval/episode_distance_from_origin_std": 1.1822696924209595,
        "eval/episode_reward_std": 539.684814453125,
        "eval/episode_reward_alive_std": 4.145751476287842,
        "eval/episode_reward_ctrl_std": 3.903294086456299,
        "eval/episode_reward_fwd_std": 3.4455883502960205,
        "eval/episode_reward_lowvel_std": 539.9219360351562,
        "eval/episode_reward_vert_std": 0.893364667892456,
        "eval/episode_x_position_std": 1.2807445526123047,
        "eval/episode_x_velocity_std": 1.7227941751480103,
        "eval/episode_y_position_std": 0.996397852897644,
        "eval/episode_y_velocity_std": 2.0044493675231934,
        "eval/episode_z_position_std": 0.6693192720413208,
        "eval/episode_z_velocity_std": 1.2223727703094482,
        "eval/avg_episode_length": 12.015625,
        "eval/epoch_eval_time": 54.21390390396118,
        "eval/sps": 2361.0179452627017
    },
    "2621440": {
        "eval/walltime": 330.58284974098206,
        "training/sps": 6070.884137971403,
        "training/walltime": 664.0297205448151,
        "training/entropy_loss": -0.010175451636314392,
        "training/policy_loss": -0.012979846447706223,
        "training/total_loss": 178.0042266845703,
        "training/v_loss": 178.0273895263672,
        "eval/episode_distance_from_origin": 1.8272678852081299,
        "eval/episode_reward": -128.04306030273438,
        "eval/episode_reward_alive": 9.2421875,
        "eval/episode_reward_ctrl": -9.08145523071289,
        "eval/episode_reward_fwd": -2.6328697204589844,
        "eval/episode_reward_lowvel": -127.51669311523438,
        "eval/episode_reward_vert": 1.9457789659500122,
        "eval/episode_x_position": -0.30746740102767944,
        "eval/episode_x_velocity": -1.3164348602294922,
        "eval/episode_y_position": 0.11332036554813385,
        "eval/episode_y_velocity": -0.3048219680786133,
        "eval/episode_z_position": 1.4413690567016602,
        "eval/episode_z_velocity": -1.586668848991394,
        "eval/episode_distance_from_origin_std": 0.7365423440933228,
        "eval/episode_reward_std": 150.82427978515625,
        "eval/episode_reward_alive_std": 3.4725396633148193,
        "eval/episode_reward_ctrl_std": 3.0760934352874756,
        "eval/episode_reward_fwd_std": 2.2522287368774414,
        "eval/episode_reward_lowvel_std": 152.07945251464844,
        "eval/episode_reward_vert_std": 0.647472083568573,
        "eval/episode_x_position_std": 0.7307095527648926,
        "eval/episode_x_velocity_std": 1.1261143684387207,
        "eval/episode_y_position_std": 0.8120954036712646,
        "eval/episode_y_velocity_std": 1.906905174255371,
        "eval/episode_z_position_std": 0.4944338798522949,
        "eval/episode_z_velocity_std": 1.1441932916641235,
        "eval/avg_episode_length": 9.2421875,
        "eval/epoch_eval_time": 54.10499048233032,
        "eval/sps": 2365.770677693815
    },
    "3932160": {
        "eval/walltime": 385.1160488128662,
        "training/sps": 6063.04129696958,
        "training/walltime": 880.2116556167603,
        "training/entropy_loss": -0.009288269095122814,
        "training/policy_loss": -0.010186046361923218,
        "training/total_loss": 71.72188568115234,
        "training/v_loss": 71.74136352539062,
        "eval/episode_distance_from_origin": 1.4719146490097046,
        "eval/episode_reward": -78.10549926757812,
        "eval/episode_reward_alive": 7.2578125,
        "eval/episode_reward_ctrl": -7.583175182342529,
        "eval/episode_reward_fwd": -2.764920711517334,
        "eval/episode_reward_lowvel": -76.57653045654297,
        "eval/episode_reward_vert": 1.561307430267334,
        "eval/episode_x_position": -0.20641787350177765,
        "eval/episode_x_velocity": -1.382460355758667,
        "eval/episode_y_position": 0.023697365075349808,
        "eval/episode_y_velocity": 0.10966046154499054,
        "eval/episode_z_position": 1.1697142124176025,
        "eval/episode_z_velocity": -1.6018660068511963,
        "eval/episode_distance_from_origin_std": 0.4254174828529358,
        "eval/episode_reward_std": 170.70571899414062,
        "eval/episode_reward_alive_std": 1.3065106868743896,
        "eval/episode_reward_ctrl_std": 1.4246594905853271,
        "eval/episode_reward_fwd_std": 2.293376922607422,
        "eval/episode_reward_lowvel_std": 170.7982177734375,
        "eval/episode_reward_vert_std": 0.32093754410743713,
        "eval/episode_x_position_std": 0.52850341796875,
        "eval/episode_x_velocity_std": 1.146688461303711,
        "eval/episode_y_position_std": 0.6576021909713745,
        "eval/episode_y_velocity_std": 1.9770209789276123,
        "eval/episode_z_position_std": 0.2572164833545685,
        "eval/episode_z_velocity_std": 1.2051752805709839,
        "eval/avg_episode_length": 7.2578125,
        "eval/epoch_eval_time": 54.533199071884155,
        "eval/sps": 2347.194042866877
    },
    "5242880": {
        "eval/walltime": 439.37963223457336,
        "training/sps": 6064.243521418748,
        "training/walltime": 1096.3507330417633,
        "training/entropy_loss": -0.008507942780852318,
        "training/policy_loss": -0.007473486475646496,