{
    "0": {
        "eval/walltime": 161.797749042511,
        "eval/episode_distance_from_origin": 3.4815707206726074,
        "eval/episode_reward": -2.8819262981414795,
        "eval/episode_reward_alive": 16.46875,
        "eval/episode_reward_ctrl": -15.945491790771484,
        "eval/episode_reward_fwd": -2.4029295444488525,
        "eval/episode_reward_lowvel": -4.546177864074707,
        "eval/episode_reward_vert": 3.5439231395721436,
        "eval/episode_x_position": -0.9039323925971985,
        "eval/episode_x_velocity": -1.2014647722244263,
        "eval/episode_y_position": 0.15341483056545258,
        "eval/episode_y_velocity": 0.17946967482566833,
        "eval/episode_z_position": 2.606808662414551,
        "eval/episode_z_velocity": -1.4209895133972168,
        "eval/episode_distance_from_origin_std": 2.0142621994018555,
        "eval/episode_reward_std": 8.147073745727539,
        "eval/episode_reward_alive_std": 6.490302085876465,
        "eval/episode_reward_ctrl_std": 6.31135892868042,
        "eval/episode_reward_fwd_std": 4.178070545196533,
        "eval/episode_reward_lowvel_std": 7.19167423248291,
        "eval/episode_reward_vert_std": 1.4189186096191406,
        "eval/episode_x_position_std": 2.0401196479797363,
        "eval/episode_x_velocity_std": 2.0890352725982666,
        "eval/episode_y_position_std": 1.391924262046814,
        "eval/episode_y_velocity_std": 2.1003310680389404,
        "eval/episode_z_position_std": 1.0766985416412354,
        "eval/episode_z_velocity_std": 1.2330771684646606,
        "eval/avg_episode_length": 16.46875,
        "eval/epoch_eval_time": 161.797749042511,
        "eval/sps": 791.1111295273279
    },
    "1310720": {
        "eval/walltime": 213.34875869750977,
        "training/sps": 5355.340307854767,
        "training/walltime": 244.75008583068848,
        "training/entropy_loss": -0.010405924171209335,
        "training/policy_loss": 0.01711331680417061,
        "training/total_loss": 0.15308699011802673,
        "training/v_loss": 0.14637959003448486,
        "eval/episode_distance_from_origin": 4.011739730834961,
        "eval/episode_reward": 6.262101650238037,
        "eval/episode_reward_alive": 17.7421875,
        "eval/episode_reward_ctrl": -15.545101165771484,
        "eval/episode_reward_fwd": 3.4385600090026855,
        "eval/episode_reward_lowvel": -3.333998203277588,
        "eval/episode_reward_vert": 3.9604530334472656,
        "eval/episode_x_position": 0.500469982624054,
        "eval/episode_x_velocity": 1.7192800045013428,
        "eval/episode_y_position": 0.3806288242340088,
        "eval/episode_y_velocity": 0.7955515384674072,
        "eval/episode_z_position": 2.951728582382202,
        "eval/episode_z_velocity": -1.091863751411438,
        "eval/episode_distance_from_origin_std": 2.208010196685791,
        "eval/episode_reward_std": 7.002132892608643,
        "eval/episode_reward_alive_std": 7.294310569763184,
        "eval/episode_reward_ctrl_std": 6.4211812019348145,
        "eval/episode_reward_fwd_std": 4.985626697540283,
        "eval/episode_reward_lowvel_std": 4.667336940765381,
        "eval/episode_reward_vert_std": 1.6497101783752441,
        "eval/episode_x_position_std": 2.0798709392547607,
        "eval/episode_x_velocity_std": 2.4928133487701416,
        "eval/episode_y_position_std": 1.8270750045776367,
        "eval/episode_y_velocity_std": 2.766831159591675,
        "eval/episode_z_position_std": 1.3296705484390259,
        "eval/episode_z_velocity_std": 1.2534877061843872,
        "eval/avg_episode_length": 17.7421875,
        "eval/epoch_eval_time": 51.55100965499878,
        "eval/sps": 2482.97755672741
    },
    "2621440": {
        "eval/walltime": 264.7998094558716,
        "training/sps": 9674.859453769142,
        "training/walltime": 380.2269892692566,
        "training/entropy_loss": -0.009427336975932121,
        "training/policy_loss": -0.022687474265694618,
        "training/total_loss": -0.0037078512832522392,
        "training/v_loss": 0.028406959027051926,
        "eval/episode_distance_from_origin": 6.074428558349609,
        "eval/episode_reward": 15.33735179901123,
        "eval/episode_reward_alive": 22.7265625,
        "eval/episode_reward_ctrl": -18.48199462890625,
        "eval/episode_reward_fwd": 9.604639053344727,
        "eval/episode_reward_lowvel": -3.782166004180908,
        "eval/episode_reward_vert": 5.270312309265137,
        "eval/episode_x_position": 2.884178400039673,
        "eval/episode_x_velocity": 4.802319526672363,
        "eval/episode_y_position": 0.5299314856529236,
        "eval/episode_y_velocity": -0.0609721913933754,
        "eval/episode_z_position": 3.8956990242004395,
        "eval/episode_z_velocity": -0.9720406532287598,
        "eval/episode_distance_from_origin_std": 3.484686851501465,
        "eval/episode_reward_std": 8.205041885375977,
        "eval/episode_reward_alive_std": 9.28264045715332,
        "eval/episode_reward_ctrl_std": 7.60390043258667,
        "eval/episode_reward_fwd_std": 5.156569480895996,
        "eval/episode_reward_lowvel_std": 5.620281219482422,
        "eval/episode_reward_vert_std": 2.1871352195739746,
        "eval/episode_x_position_std": 3.3706586360931396,
        "eval/episode_x_velocity_std": 2.578284740447998,
        "eval/episode_y_position_std": 2.437718391418457,
        "eval/episode_y_velocity_std": 3.088407516479492,
        "eval/episode_z_position_std": 1.6375784873962402,
        "eval/episode_z_velocity_std": 1.162803292274475,
        "eval/avg_episode_length": 22.7265625,
        "eval/epoch_eval_time": 51.451050758361816,
        "eval/sps": 2487.8014756423117
    },
    "3932160": {
        "eval/walltime": 316.3078148365021,
        "training/sps": 9685.655330191086,
        "training/walltime": 515.552886724472,
        "training/entropy_loss": -0.008486839011311531,
        "training/policy_loss": -0.015490381047129631,
        "training/total_loss": 0.025966208428144455,
        "training/v_loss": 0.04994342848658562,
        "eval/episode_distance_from_origin": 8.663766860961914,
        "eval/episode_reward": 20.505481719970703,
        "eval/episode_reward_alive": 28.5859375,
        "eval/episode_reward_ctrl": -21.944759368896484,
        "eval/episode_reward_fwd": 12.646724700927734,
        "eval/episode_reward_lowvel": -5.4592366218566895,
        "eval/episode_reward_vert": 6.676816940307617,
        "eval/episode_x_position": 4.963156700134277,
        "eval/episode_x_velocity": 6.323362350463867,
        "eval/episode_y_position": 0.5698577761650085,
        "eval/episode_y_velocity": 0.8127444386482239,
        "eval/episode_z_position": 5.068783283233643,
        "eval/episode_z_velocity": -0.8158868551254272,
        "eval/episode_distance_from_origin_std": 4.39162540435791,
        "eval/episode_reward_std": 8.499662399291992,
        "eval/episode_reward_alive_std": 10.906225204467773,
        "eval/episode_reward_ctrl_std": 8.312898635864258,
        "eval/episode_reward_fwd_std": 5.075869083404541,
        "eval/episode_reward_lowvel_std": 7.819570541381836,
        "eval/episode_reward_vert_std": 2.473006248474121,
        "eval/episode_x_position_std": 4.3932905197143555,
        "eval/episode_x_velocity_std": 2.5379345417022705,
        "eval/episode_y_position_std": 3.3078787326812744,
        "eval/episode_y_velocity_std": 3.0578994750976562,
        "eval/episode_z_position_std": 1.914494514465332,
        "eval/episode_z_velocity_std": 1.2543859481811523,
        "eval/avg_episode_length": 28.5859375,
        "eval/epoch_eval_time": 51.50800538063049,
        "eval/sps": 2485.050606291468
    },
    "5242880": {
        "eval/walltime": 367.6789836883545,
        "training/sps": 9673.830614655535,
        "training/walltime": 651.044198513031,
        "training/entropy_loss": -0.007564495783299208,
        "training/policy_loss": -0.012523544952273369,
        "training/total_loss": 0.2133353352546692,