{
    "0": {
        "eval/walltime": 217.32993459701538,
        "eval/episode_distance_from_origin": 3.4377312660217285,
        "eval/episode_reward": -42.32566452026367,
        "eval/episode_reward_alive": 16.40625,
        "eval/episode_reward_ctrl": -15.884557723999023,
        "eval/episode_reward_fwd": -2.3336637020111084,
        "eval/episode_reward_lowvel": -44.04027557373047,
        "eval/episode_reward_vert": 3.526580572128296,
        "eval/episode_x_position": -0.8584912419319153,
        "eval/episode_x_velocity": -1.1668318510055542,
        "eval/episode_y_position": 0.16665209829807281,
        "eval/episode_y_velocity": 0.22496123611927032,
        "eval/episode_z_position": 2.592214822769165,
        "eval/episode_z_velocity": -1.428741455078125,
        "eval/episode_distance_from_origin_std": 1.7145098447799683,
        "eval/episode_reward_std": 67.59931182861328,
        "eval/episode_reward_alive_std": 6.191523551940918,
        "eval/episode_reward_ctrl_std": 6.025822162628174,
        "eval/episode_reward_fwd_std": 4.069981575012207,
        "eval/episode_reward_lowvel_std": 68.0952377319336,
        "eval/episode_reward_vert_std": 1.3345236778259277,
        "eval/episode_x_position_std": 1.8171207904815674,
        "eval/episode_x_velocity_std": 2.0349907875061035,
        "eval/episode_y_position_std": 1.3622828722000122,
        "eval/episode_y_velocity_std": 1.973502516746521,
        "eval/episode_z_position_std": 0.9989365339279175,
        "eval/episode_z_velocity_std": 1.2367428541183472,
        "eval/avg_episode_length": 16.40625,
        "eval/epoch_eval_time": 217.32993459701538,
        "eval/sps": 588.966265679619
    },
    "1310720": {
        "eval/walltime": 271.17624068260193,
        "training/sps": 2946.743925374823,
        "training/walltime": 444.8028173446655,
        "training/entropy_loss": -0.01068821456283331,
        "training/policy_loss": 0.023226112127304077,
        "training/total_loss": 49.53491973876953,
        "training/v_loss": 49.522377014160156,
        "eval/episode_distance_from_origin": 2.6615424156188965,
        "eval/episode_reward": -29.656871795654297,
        "eval/episode_reward_alive": 12.890625,
        "eval/episode_reward_ctrl": -12.211119651794434,
        "eval/episode_reward_fwd": -1.9098758697509766,
        "eval/episode_reward_lowvel": -31.201128005981445,
        "eval/episode_reward_vert": 2.7746260166168213,
        "eval/episode_x_position": -0.4442961812019348,
        "eval/episode_x_velocity": -0.9549379348754883,
        "eval/episode_y_position": -0.0879540964961052,
        "eval/episode_y_velocity": 0.03576202690601349,
        "eval/episode_z_position": 2.0707907676696777,
        "eval/episode_z_velocity": -1.248842716217041,
        "eval/episode_distance_from_origin_std": 1.384752869606018,
        "eval/episode_reward_std": 66.29371643066406,
        "eval/episode_reward_alive_std": 5.05011510848999,
        "eval/episode_reward_ctrl_std": 4.65748405456543,
        "eval/episode_reward_fwd_std": 3.5336625576019287,
        "eval/episode_reward_lowvel_std": 66.5999755859375,
        "eval/episode_reward_vert_std": 1.0789642333984375,
        "eval/episode_x_position_std": 1.1948128938674927,
        "eval/episode_x_velocity_std": 1.7668312788009644,
        "eval/episode_y_position_std": 1.2799432277679443,
        "eval/episode_y_velocity_std": 2.27288556098938,
        "eval/episode_z_position_std": 0.8794065117835999,
        "eval/episode_z_velocity_std": 1.2201688289642334,
        "eval/avg_episode_length": 12.890625,
        "eval/epoch_eval_time": 53.84630608558655,
        "eval/sps": 2377.1361362569446
    },
    "2621440": {
        "eval/walltime": 324.9878730773926,
        "training/sps": 6069.9052100503295,
        "training/walltime": 660.740291595459,
        "training/entropy_loss": -0.0101819708943367,
        "training/policy_loss": -0.010769760236144066,
        "training/total_loss": 3.6581006050109863,
        "training/v_loss": 3.6790525913238525,
        "eval/episode_distance_from_origin": 2.0621213912963867,
        "eval/episode_reward": -13.675862312316895,
        "eval/episode_reward_alive": 10.1328125,
        "eval/episode_reward_ctrl": -9.522497177124023,
        "eval/episode_reward_fwd": -1.3832790851593018,
        "eval/episode_reward_lowvel": -15.064300537109375,
        "eval/episode_reward_vert": 2.1614010334014893,
        "eval/episode_x_position": -0.12337875366210938,
        "eval/episode_x_velocity": -0.6916395425796509,
        "eval/episode_y_position": 0.14511169493198395,
        "eval/episode_y_velocity": -0.2609615623950958,
        "eval/episode_z_position": 1.59629225730896,
        "eval/episode_z_velocity": -1.5124661922454834,
        "eval/episode_distance_from_origin_std": 0.8392428755760193,
        "eval/episode_reward_std": 20.968374252319336,
        "eval/episode_reward_alive_std": 3.3339426517486572,
        "eval/episode_reward_ctrl_std": 3.1629581451416016,
        "eval/episode_reward_fwd_std": 3.832254409790039,
        "eval/episode_reward_lowvel_std": 21.829931259155273,
        "eval/episode_reward_vert_std": 0.6906432509422302,
        "eval/episode_x_position_std": 0.8968375325202942,
        "eval/episode_x_velocity_std": 1.9161272048950195,
        "eval/episode_y_position_std": 0.957205593585968,
        "eval/episode_y_velocity_std": 2.2031853199005127,
        "eval/episode_z_position_std": 0.5201352834701538,
        "eval/episode_z_velocity_std": 1.1763204336166382,
        "eval/avg_episode_length": 10.1328125,
        "eval/epoch_eval_time": 53.81163239479065,
        "eval/sps": 2378.6678512356616
    },
    "3932160": {
        "eval/walltime": 378.9349298477173,
        "training/sps": 6066.1155296571405,
        "training/walltime": 876.8126683235168,
        "training/entropy_loss": -0.009357255883514881,
        "training/policy_loss": -0.0109139084815979,
        "training/total_loss": 3.2403526306152344,
        "training/v_loss": 3.2606239318847656,
        "eval/episode_distance_from_origin": 1.9758989810943604,
        "eval/episode_reward": -7.961247444152832,
        "eval/episode_reward_alive": 9.09375,
        "eval/episode_reward_ctrl": -8.479287147521973,
        "eval/episode_reward_fwd": -0.8859070539474487,
        "eval/episode_reward_lowvel": -9.667623519897461,
        "eval/episode_reward_vert": 1.9778211116790771,
        "eval/episode_x_position": 0.0474063903093338,
        "eval/episode_x_velocity": -0.44295352697372437,
        "eval/episode_y_position": 0.05155196785926819,
        "eval/episode_y_velocity": -0.04705739766359329,
        "eval/episode_z_position": 1.4702043533325195,
        "eval/episode_z_velocity": -1.5660500526428223,
        "eval/episode_distance_from_origin_std": 1.1001410484313965,
        "eval/episode_reward_std": 9.845663070678711,
        "eval/episode_reward_alive_std": 3.2050678730010986,
        "eval/episode_reward_ctrl_std": 3.3262388706207275,
        "eval/episode_reward_fwd_std": 4.375345230102539,
        "eval/episode_reward_lowvel_std": 10.998445510864258,
        "eval/episode_reward_vert_std": 0.7814313769340515,
        "eval/episode_x_position_std": 1.1387555599212646,
        "eval/episode_x_velocity_std": 2.1876726150512695,
        "eval/episode_y_position_std": 0.9449151158332825,
        "eval/episode_y_velocity_std": 2.2881112098693848,
        "eval/episode_z_position_std": 0.5922014713287354,
        "eval/episode_z_velocity_std": 1.2638607025146484,
        "eval/avg_episode_length": 9.09375,
        "eval/epoch_eval_time": 53.94705677032471,
        "eval/sps": 2372.696633756125
    },
    "5242880": {
        "eval/walltime": 432.91092467308044,
        "training/sps": 6059.161602317368,
        "training/walltime": 1093.1330251693726,
        "training/entropy_loss": -0.008447223342955112,
        "training/policy_loss": -0.010838238522410393,