{
    "0": {
        "eval/walltime": 245.28591418266296,
        "eval/episode_distance_from_origin": 4.3066630363464355,
        "eval/episode_forward_reward": -2.1834428310394287,
        "eval/episode_reward": 1.8386540412902832,
        "eval/episode_reward_alive": 16.578125,
        "eval/episode_reward_linvel": -2.1834428310394287,
        "eval/episode_reward_quadctrl": -16.046546936035156,
        "eval/episode_vertical_reward": 3.490518808364868,
        "eval/episode_x_position": -2.9087443351745605,
        "eval/episode_x_velocity": -1.0917214155197144,
        "eval/episode_y_position": -0.1371733546257019,
        "eval/episode_y_velocity": 0.3409227132797241,
        "eval/episode_z_position": 2.5446906089782715,
        "eval/episode_z_velocity": -1.4523403644561768,
        "eval/episode_distance_from_origin_std": 1.910540223121643,
        "eval/episode_forward_reward_std": 3.719668388366699,
        "eval/episode_reward_std": 4.4071044921875,
        "eval/episode_reward_alive_std": 6.788788318634033,
        "eval/episode_reward_linvel_std": 3.719668388366699,
        "eval/episode_reward_quadctrl_std": 6.582299709320068,
        "eval/episode_vertical_reward_std": 1.3695859909057617,
        "eval/episode_x_position_std": 1.7869353294372559,
        "eval/episode_x_velocity_std": 1.8598341941833496,
        "eval/episode_y_position_std": 1.379349708557129,
        "eval/episode_y_velocity_std": 2.000973701477051,
        "eval/episode_z_position_std": 1.0123404264450073,
        "eval/episode_z_velocity_std": 1.2013463973999023,
        "eval/avg_episode_length": 16.578125,
        "eval/epoch_eval_time": 245.28591418266296,
        "eval/sps": 521.8399940596636
    },
    "1310720": {
        "eval/walltime": 299.6996417045593,
        "training/sps": 2733.732162021889,
        "training/walltime": 479.4617476463318,
        "training/entropy_loss": -0.010121418163180351,
        "training/policy_loss": 0.024823717772960663,
        "training/total_loss": 0.02312944084405899,
        "training/v_loss": 0.008427143096923828,
        "eval/episode_distance_from_origin": 5.846340656280518,
        "eval/episode_forward_reward": 5.647693634033203,
        "eval/episode_reward": 15.810011863708496,
        "eval/episode_reward_alive": 25.328125,
        "eval/episode_reward_linvel": 5.647693634033203,
        "eval/episode_reward_quadctrl": -20.779436111450195,
        "eval/episode_vertical_reward": 5.613629341125488,
        "eval/episode_x_position": -1.766363501548767,
        "eval/episode_x_velocity": 2.8238468170166016,
        "eval/episode_y_position": -0.2865740656852722,
        "eval/episode_y_velocity": 0.3674449324607849,
        "eval/episode_z_position": 4.118771553039551,
        "eval/episode_z_velocity": -1.0144743919372559,
        "eval/episode_distance_from_origin_std": 3.2099130153656006,
        "eval/episode_forward_reward_std": 4.152392387390137,
        "eval/episode_reward_std": 6.824991226196289,
        "eval/episode_reward_alive_std": 11.31102180480957,
        "eval/episode_reward_linvel_std": 4.152392387390137,
        "eval/episode_reward_quadctrl_std": 9.202547073364258,
        "eval/episode_vertical_reward_std": 2.5815062522888184,
        "eval/episode_x_position_std": 3.064089298248291,
        "eval/episode_x_velocity_std": 2.0761961936950684,
        "eval/episode_y_position_std": 2.4296770095825195,
        "eval/episode_y_velocity_std": 2.740628480911255,
        "eval/episode_z_position_std": 1.8912482261657715,
        "eval/episode_z_velocity_std": 1.1824829578399658,
        "eval/avg_episode_length": 25.328125,
        "eval/epoch_eval_time": 54.41372752189636,
        "eval/sps": 2352.3475753152943
    },
    "2621440": {
        "eval/walltime": 353.97521924972534,
        "training/sps": 6048.769631521213,
        "training/walltime": 696.1537494659424,
        "training/entropy_loss": -0.009081151336431503,
        "training/policy_loss": -0.03083653934299946,
        "training/total_loss": -0.029383167624473572,
        "training/v_loss": 0.010534524917602539,
        "eval/episode_distance_from_origin": 13.723472595214844,
        "eval/episode_forward_reward": 12.531489372253418,
        "eval/episode_reward": 39.01496887207031,
        "eval/episode_reward_alive": 55.0546875,
        "eval/episode_reward_linvel": 12.531489372253418,
        "eval/episode_reward_quadctrl": -41.70543670654297,
        "eval/episode_vertical_reward": 13.13422966003418,
        "eval/episode_x_position": 2.5318100452423096,
        "eval/episode_x_velocity": 6.265744686126709,
        "eval/episode_y_position": 0.3778603971004486,
        "eval/episode_y_velocity": 0.8119819760322571,
        "eval/episode_z_position": 9.508626937866211,
        "eval/episode_z_velocity": -0.7484570741653442,
        "eval/episode_distance_from_origin_std": 9.624822616577148,
        "eval/episode_forward_reward_std": 5.606582164764404,
        "eval/episode_reward_std": 17.544544219970703,
        "eval/episode_reward_alive_std": 31.264822006225586,
        "eval/episode_reward_linvel_std": 5.606582164764404,
        "eval/episode_reward_quadctrl_std": 23.7945613861084,
        "eval/episode_vertical_reward_std": 7.701436519622803,
        "eval/episode_x_position_std": 8.452895164489746,
        "eval/episode_x_velocity_std": 2.803291082382202,
        "eval/episode_y_position_std": 6.222021579742432,
        "eval/episode_y_velocity_std": 3.1102309226989746,
        "eval/episode_z_position_std": 5.3334832191467285,
        "eval/episode_z_velocity_std": 1.1612505912780762,
        "eval/avg_episode_length": 55.0546875,
        "eval/epoch_eval_time": 54.275577545166016,
        "eval/sps": 2358.3351074151797
    },
    "3932160": {
        "eval/walltime": 408.1723322868347,
        "training/sps": 6047.731650845156,
        "training/walltime": 912.8829424381256,
        "training/entropy_loss": -0.008018409833312035,
        "training/policy_loss": -0.0223091971129179,
        "training/total_loss": -0.020864486694335938,
        "training/v_loss": 0.009463120251893997,
        "eval/episode_distance_from_origin": 38.16361618041992,
        "eval/episode_forward_reward": 20.611591339111328,
        "eval/episode_reward": 88.56560516357422,
        "eval/episode_reward_alive": 121.1171875,
        "eval/episode_reward_linvel": 20.611591339111328,
        "eval/episode_reward_quadctrl": -82.59834289550781,
        "eval/episode_vertical_reward": 29.435163497924805,
        "eval/episode_x_position": 19.68560028076172,
        "eval/episode_x_velocity": 10.305795669555664,
        "eval/episode_y_position": -0.9631994962692261,
        "eval/episode_y_velocity": 0.5735236406326294,
        "eval/episode_z_position": 20.89437484741211,
        "eval/episode_z_velocity": -0.7176650762557983,
        "eval/episode_distance_from_origin_std": 33.569889068603516,
        "eval/episode_forward_reward_std": 9.113776206970215,
        "eval/episode_reward_std": 49.67803192138672,
        "eval/episode_reward_alive_std": 75.50316619873047,
        "eval/episode_reward_linvel_std": 9.113776206970215,
        "eval/episode_reward_quadctrl_std": 51.186641693115234,
        "eval/episode_vertical_reward_std": 18.826515197753906,
        "eval/episode_x_position_std": 29.200206756591797,
        "eval/episode_x_velocity_std": 4.556888103485107,
        "eval/episode_y_position_std": 16.80570411682129,
        "eval/episode_y_velocity_std": 4.048677444458008,
        "eval/episode_z_position_std": 12.808687210083008,
        "eval/episode_z_velocity_std": 1.1513340473175049,
        "eval/avg_episode_length": 121.1171875,
        "eval/epoch_eval_time": 54.197113037109375,
        "eval/sps": 2361.7494148139763
    },
    "5242880": {
        "eval/walltime": 462.04385256767273,
        "training/sps": 6050.57677167145,
        "training/walltime": 1129.5102243423462,
        "training/entropy_loss": -0.007015025243163109,