{
    "0": {
        "eval/walltime": 133.15689158439636,
        "eval/episode_distance_from_origin": 3.463968515396118,
        "eval/episode_reward": 11.485550880432129,
        "eval/episode_reward_alive": 8.27734375,
        "eval/episode_reward_ctrl": -4.006938457489014,
        "eval/episode_reward_fwd": 3.674274206161499,
        "eval/episode_reward_lowvel": 0.0,
        "eval/episode_reward_vert": 3.540872097015381,
        "eval/episode_x_position": -0.8919675350189209,
        "eval/episode_x_velocity": -1.2247580289840698,
        "eval/episode_y_position": 0.1336669921875,
        "eval/episode_y_velocity": 0.221727654337883,
        "eval/episode_z_position": 2.6008224487304688,
        "eval/episode_z_velocity": -1.4439046382904053,
        "eval/episode_distance_from_origin_std": 1.7274479866027832,
        "eval/episode_reward_std": 6.929891586303711,
        "eval/episode_reward_alive_std": 3.114863872528076,
        "eval/episode_reward_ctrl_std": 1.516592025756836,
        "eval/episode_reward_fwd_std": 6.296712875366211,
        "eval/episode_reward_lowvel_std": 0.0,
        "eval/episode_reward_vert_std": 1.3101179599761963,
        "eval/episode_x_position_std": 1.7972533702850342,
        "eval/episode_x_velocity_std": 2.098904609680176,
        "eval/episode_y_position_std": 1.4354103803634644,
        "eval/episode_y_velocity_std": 1.9458343982696533,
        "eval/episode_z_position_std": 0.9784628748893738,
        "eval/episode_z_velocity_std": 1.2323707342147827,
        "eval/avg_episode_length": 16.5546875,
        "eval/epoch_eval_time": 133.15689158439636,
        "eval/sps": 961.2720639312321
    },
    "2293760": {
        "eval/walltime": 170.71019864082336,
        "training/sps": 5517.311298763315,
        "training/walltime": 415.73873138427734,
        "training/entropy_loss": -0.010310500860214233,
        "training/policy_loss": 0.012417991645634174,
        "training/total_loss": 0.01812843047082424,
        "training/v_loss": 0.016020938754081726,
        "eval/episode_distance_from_origin": 15.838752746582031,
        "eval/episode_reward": 46.401397705078125,
        "eval/episode_reward_alive": 29.4140625,
        "eval/episode_reward_ctrl": -13.249935150146484,
        "eval/episode_reward_fwd": 17.399982452392578,
        "eval/episode_reward_lowvel": 0.0,
        "eval/episode_reward_vert": 12.837289810180664,
        "eval/episode_x_position": -10.253107070922852,
        "eval/episode_x_velocity": -5.799994945526123,
        "eval/episode_y_position": -1.302137851715088,
        "eval/episode_y_velocity": -0.3213399648666382,
        "eval/episode_z_position": 9.022871017456055,
        "eval/episode_z_velocity": -1.0590262413024902,
        "eval/episode_distance_from_origin_std": 10.285058975219727,
        "eval/episode_reward_std": 19.091110229492188,
        "eval/episode_reward_alive_std": 15.686018943786621,
        "eval/episode_reward_ctrl_std": 6.929745197296143,
        "eval/episode_reward_fwd_std": 8.897664070129395,
        "eval/episode_reward_lowvel_std": 0.0,
        "eval/episode_reward_vert_std": 6.734415531158447,
        "eval/episode_x_position_std": 9.19919204711914,
        "eval/episode_x_velocity_std": 2.965888500213623,
        "eval/episode_y_position_std": 5.77935266494751,
        "eval/episode_y_velocity_std": 3.331543445587158,
        "eval/episode_z_position_std": 4.619350433349609,
        "eval/episode_z_velocity_std": 1.2087860107421875,
        "eval/avg_episode_length": 58.828125,
        "eval/epoch_eval_time": 37.553307056427,
        "eval/sps": 3408.488094208833
    },
    "4587520": {
        "eval/walltime": 208.02075815200806,
        "training/sps": 7621.221621005719,
        "training/walltime": 716.7088532447815,
        "training/entropy_loss": -0.00905085913836956,
        "training/policy_loss": -0.018334202468395233,
        "training/total_loss": -0.019560515880584717,
        "training/v_loss": 0.007824543863534927,
        "eval/episode_distance_from_origin": 94.74873352050781,
        "eval/episode_reward": 124.20133972167969,
        "eval/episode_reward_alive": 73.87890625,
        "eval/episode_reward_ctrl": -31.452587127685547,
        "eval/episode_reward_fwd": 48.385398864746094,
        "eval/episode_reward_lowvel": 0.0,
        "eval/episode_reward_vert": 33.389625549316406,
        "eval/episode_x_position": -85.97361755371094,
        "eval/episode_x_velocity": -16.128469467163086,
        "eval/episode_y_position": 0.5392558574676514,
        "eval/episode_y_velocity": -1.4967663288116455,
        "eval/episode_z_position": 23.126449584960938,
        "eval/episode_z_velocity": -1.0849554538726807,
        "eval/episode_distance_from_origin_std": 149.25424194335938,
        "eval/episode_reward_std": 96.72569274902344,
        "eval/episode_reward_alive_std": 68.84205627441406,
        "eval/episode_reward_ctrl_std": 28.46747398376465,
        "eval/episode_reward_fwd_std": 27.94568634033203,
        "eval/episode_reward_lowvel_std": 0.0,
        "eval/episode_reward_vert_std": 30.42064094543457,
        "eval/episode_x_position_std": 144.37681579589844,
        "eval/episode_x_velocity_std": 9.315230369567871,
        "eval/episode_y_position_std": 36.03751754760742,
        "eval/episode_y_velocity_std": 3.8572850227355957,
        "eval/episode_z_position_std": 20.952640533447266,
        "eval/episode_z_velocity_std": 1.1237807273864746,
        "eval/avg_episode_length": 147.7578125,
        "eval/epoch_eval_time": 37.31055951118469,
        "eval/sps": 3430.664178639001
    },
    "6881280": {
        "eval/walltime": 245.0006799697876,
        "training/sps": 7615.01597748312,
        "training/walltime": 1017.9242422580719,
        "training/entropy_loss": -0.007612099405378103,
        "training/policy_loss": -0.026709552854299545,
        "training/total_loss": -0.0267393346875906,
        "training/v_loss": 0.007582318037748337,
        "eval/episode_distance_from_origin": 6256.3037109375,
        "eval/episode_reward": 1198.36083984375,
        "eval/episode_reward_alive": 422.03125,
        "eval/episode_reward_ctrl": -183.40957641601562,
        "eval/episode_reward_fwd": 775.45263671875,
        "eval/episode_reward_lowvel": 0.0,
        "eval/episode_reward_vert": 184.28713989257812,
        "eval/episode_x_position": -5941.2607421875,
        "eval/episode_x_velocity": -258.4845886230469,
        "eval/episode_y_position": 218.71405029296875,
        "eval/episode_y_velocity": 19.31732749938965,
        "eval/episode_z_position": 129.50698852539062,
        "eval/episode_z_velocity": -0.6428201198577881,
        "eval/episode_distance_from_origin_std": 2829.212890625,
        "eval/episode_reward_std": 377.3157958984375,
        "eval/episode_reward_alive_std": 129.135986328125,
        "eval/episode_reward_ctrl_std": 56.39384841918945,
        "eval/episode_reward_fwd_std": 255.2552490234375,
        "eval/episode_reward_lowvel_std": 0.0,
        "eval/episode_reward_vert_std": 56.32548522949219,
        "eval/episode_x_position_std": 2725.6025390625,
        "eval/episode_x_velocity_std": 85.08524322509766,
        "eval/episode_y_position_std": 1972.471923828125,
        "eval/episode_y_velocity_std": 83.13262176513672,
        "eval/episode_z_position_std": 39.16850280761719,
        "eval/episode_z_velocity_std": 1.246700406074524,
        "eval/avg_episode_length": 844.0625,
        "eval/epoch_eval_time": 36.97992181777954,
        "eval/sps": 3461.3377667677764
    },
    "9175040": {
        "eval/walltime": 281.94997930526733,
        "training/sps": 7627.23861692325,
        "training/walltime": 1318.6569340229034,
        "training/entropy_loss": -0.00554090179502964,
        "training/policy_loss": -0.02113041840493679,
        "training/total_loss": -0.020709246397018433,
        "training/v_loss": 0.005962071940302849,
        "eval/episode_distance_from_origin": 11237.2705078125,