{
    "0": {
        "eval/walltime": 228.22401213645935,
        "eval/episode_distance_from_origin": 10.370009422302246,
        "eval/episode_forward_reward": -2.90077543258667,
        "eval/episode_reward": -28.427783966064453,
        "eval/episode_reward_alive": 21.25,
        "eval/episode_reward_linvel": -2.90077543258667,
        "eval/episode_reward_quadctrl": -51.91130065917969,
        "eval/episode_vertical_reward": 5.1342926025390625,
        "eval/episode_x_position": -5.090536117553711,
        "eval/episode_x_velocity": -1.450387716293335,
        "eval/episode_y_position": 1.6102252006530762,
        "eval/episode_y_velocity": 1.2127032279968262,
        "eval/episode_z_position": 4.699809551239014,
        "eval/episode_z_velocity": -1.4851577281951904,
        "eval/episode_distance_from_origin_std": 11.448776245117188,
        "eval/episode_forward_reward_std": 15.009552001953125,
        "eval/episode_reward_std": 24.995878219604492,
        "eval/episode_reward_alive_std": 11.620294570922852,
        "eval/episode_reward_linvel_std": 15.009552001953125,
        "eval/episode_reward_quadctrl_std": 29.571475982666016,
        "eval/episode_vertical_reward_std": 3.5287539958953857,
        "eval/episode_x_position_std": 9.558919906616211,
        "eval/episode_x_velocity_std": 7.5047760009765625,
        "eval/episode_y_position_std": 7.526346206665039,
        "eval/episode_y_velocity_std": 8.426526069641113,
        "eval/episode_z_position_std": 3.4524450302124023,
        "eval/episode_z_velocity_std": 1.2205440998077393,
        "eval/avg_episode_length": 21.25,
        "eval/epoch_eval_time": 228.22401213645935,
        "eval/sps": 560.8524659686836
    },
    "655360": {
        "eval/walltime": 282.52867913246155,
        "training/sps": 1893.491707357617,
        "training/walltime": 346.11189341545105,
        "training/entropy_loss": -0.010932056233286858,
        "training/policy_loss": 0.1198464184999466,
        "training/total_loss": 0.22456564009189606,
        "training/v_loss": 0.11565128713846207,
        "eval/episode_distance_from_origin": 25.02791976928711,
        "eval/episode_forward_reward": 0.38304436206817627,
        "eval/episode_reward": 11.865251541137695,
        "eval/episode_reward_alive": 37.21875,
        "eval/episode_reward_linvel": 0.38304436206817627,
        "eval/episode_reward_quadctrl": -35.13203811645508,
        "eval/episode_vertical_reward": 9.39549732208252,
        "eval/episode_x_position": -4.864522933959961,
        "eval/episode_x_velocity": 0.19152218103408813,
        "eval/episode_y_position": -2.377716302871704,
        "eval/episode_y_velocity": -1.7446322441101074,
        "eval/episode_z_position": 8.70417594909668,
        "eval/episode_z_velocity": -1.154062271118164,
        "eval/episode_distance_from_origin_std": 30.71483612060547,
        "eval/episode_forward_reward_std": 20.910709381103516,
        "eval/episode_reward_std": 24.04511260986328,
        "eval/episode_reward_alive_std": 29.22112274169922,
        "eval/episode_reward_linvel_std": 20.910709381103516,
        "eval/episode_reward_quadctrl_std": 27.670368194580078,
        "eval/episode_vertical_reward_std": 7.963106632232666,
        "eval/episode_x_position_std": 21.73410987854004,
        "eval/episode_x_velocity_std": 10.455354690551758,
        "eval/episode_y_position_std": 26.538843154907227,
        "eval/episode_y_velocity_std": 13.297917366027832,
        "eval/episode_z_position_std": 7.70459508895874,
        "eval/episode_z_velocity_std": 1.3083785772323608,
        "eval/avg_episode_length": 37.21875,
        "eval/epoch_eval_time": 54.3046669960022,
        "eval/sps": 2357.071815014041
    },
    "1310720": {
        "eval/walltime": 336.74449634552,
        "training/sps": 6036.901803966847,
        "training/walltime": 454.6708896160126,
        "training/entropy_loss": -0.010795578360557556,
        "training/policy_loss": -0.01551709696650505,
        "training/total_loss": 0.07522016763687134,
        "training/v_loss": 0.10153284668922424,
        "eval/episode_distance_from_origin": 27.826343536376953,
        "eval/episode_forward_reward": 9.387344360351562,
        "eval/episode_reward": 21.88806915283203,
        "eval/episode_reward_alive": 36.6640625,
        "eval/episode_reward_linvel": 9.387344360351562,
        "eval/episode_reward_quadctrl": -33.566383361816406,
        "eval/episode_vertical_reward": 9.403045654296875,
        "eval/episode_x_position": 2.7901854515075684,
        "eval/episode_x_velocity": 4.693672180175781,
        "eval/episode_y_position": 2.2823712825775146,
        "eval/episode_y_velocity": 0.9991797804832458,
        "eval/episode_z_position": 8.713979721069336,
        "eval/episode_z_velocity": -1.1041138172149658,
        "eval/episode_distance_from_origin_std": 40.4093017578125,
        "eval/episode_forward_reward_std": 30.752647399902344,
        "eval/episode_reward_std": 34.98765563964844,
        "eval/episode_reward_alive_std": 27.008758544921875,
        "eval/episode_reward_linvel_std": 30.752647399902344,
        "eval/episode_reward_quadctrl_std": 24.814716339111328,
        "eval/episode_vertical_reward_std": 7.397115707397461,
        "eval/episode_x_position_std": 28.126407623291016,
        "eval/episode_x_velocity_std": 15.376323699951172,
        "eval/episode_y_position_std": 32.645355224609375,
        "eval/episode_y_velocity_std": 14.567581176757812,
        "eval/episode_z_position_std": 7.137303352355957,
        "eval/episode_z_velocity_std": 1.1963682174682617,
        "eval/avg_episode_length": 36.6640625,
        "eval/epoch_eval_time": 54.21581721305847,
        "eval/sps": 2360.9346235063263
    },
    "1966080": {
        "eval/walltime": 391.45033717155457,
        "training/sps": 5934.862025724821,
        "training/walltime": 565.0963716506958,
        "training/entropy_loss": -0.010610299184918404,
        "training/policy_loss": -0.01667458564043045,
        "training/total_loss": 0.09428764879703522,
        "training/v_loss": 0.12157253921031952,
        "eval/episode_distance_from_origin": 38.94231414794922,
        "eval/episode_forward_reward": 14.971491813659668,
        "eval/episode_reward": 31.27721405029297,
        "eval/episode_reward_alive": 43.4375,
        "eval/episode_reward_linvel": 14.971491813659668,
        "eval/episode_reward_quadctrl": -39.45178985595703,
        "eval/episode_vertical_reward": 12.320011138916016,
        "eval/episode_x_position": 9.815576553344727,
        "eval/episode_x_velocity": 7.485745906829834,
        "eval/episode_y_position": 8.124667167663574,
        "eval/episode_y_velocity": 5.653946876525879,
        "eval/episode_z_position": 11.641768455505371,
        "eval/episode_z_velocity": -1.1408741474151611,
        "eval/episode_distance_from_origin_std": 48.34890365600586,
        "eval/episode_forward_reward_std": 30.746938705444336,
        "eval/episode_reward_std": 34.52409362792969,
        "eval/episode_reward_alive_std": 29.755186080932617,
        "eval/episode_reward_linvel_std": 30.746938705444336,
        "eval/episode_reward_quadctrl_std": 27.177824020385742,
        "eval/episode_vertical_reward_std": 8.935221672058105,
        "eval/episode_x_position_std": 39.257328033447266,
        "eval/episode_x_velocity_std": 15.373469352722168,
        "eval/episode_y_position_std": 38.443450927734375,
        "eval/episode_y_velocity_std": 17.810300827026367,
        "eval/episode_z_position_std": 8.73836612701416,
        "eval/episode_z_velocity_std": 1.2773369550704956,
        "eval/avg_episode_length": 43.4375,
        "eval/epoch_eval_time": 54.705840826034546,
        "eval/sps": 2339.786722354603
    },
    "2621440": {
        "eval/walltime": 445.76685190200806,
        "training/sps": 6038.172682232854,
        "training/walltime": 673.6325190067291,
        "training/entropy_loss": -0.01040983758866787,