{
    "0": {
        "eval/walltime": 230.0558156967163,
        "eval/episode_distance_from_origin": 12.436678886413574,
        "eval/episode_forward_reward": -2.8514654636383057,
        "eval/episode_reward": -30.981462478637695,
        "eval/episode_reward_alive": 23.53125,
        "eval/episode_reward_linvel": -2.8514654636383057,
        "eval/episode_reward_quadctrl": -57.66423797607422,
        "eval/episode_vertical_reward": 6.002989292144775,
        "eval/episode_x_position": -4.752306938171387,
        "eval/episode_x_velocity": -1.4257327318191528,
        "eval/episode_y_position": 1.0851527452468872,
        "eval/episode_y_velocity": 0.8526719212532043,
        "eval/episode_z_position": 5.597296714782715,
        "eval/episode_z_velocity": -1.5008424520492554,
        "eval/episode_distance_from_origin_std": 13.387904167175293,
        "eval/episode_forward_reward_std": 17.29936408996582,
        "eval/episode_reward_std": 28.20038604736328,
        "eval/episode_reward_alive_std": 14.891240119934082,
        "eval/episode_reward_linvel_std": 17.29936408996582,
        "eval/episode_reward_quadctrl_std": 37.82832717895508,
        "eval/episode_vertical_reward_std": 5.059576511383057,
        "eval/episode_x_position_std": 9.95726203918457,
        "eval/episode_x_velocity_std": 8.64968204498291,
        "eval/episode_y_position_std": 9.913186073303223,
        "eval/episode_y_velocity_std": 9.565168380737305,
        "eval/episode_z_position_std": 5.106168746948242,
        "eval/episode_z_velocity_std": 1.3163141012191772,
        "eval/avg_episode_length": 23.53125,
        "eval/epoch_eval_time": 230.0558156967163,
        "eval/sps": 556.386716903271
    },
    "7536640": {
        "eval/walltime": 284.17770433425903,
        "training/sps": 5068.329011184649,
        "training/walltime": 1487.0068583488464,
        "training/entropy_loss": -0.00989067554473877,
        "training/policy_loss": -0.0035692269448190928,
        "training/total_loss": 0.22149302065372467,
        "training/v_loss": 0.2349529266357422,
        "eval/episode_distance_from_origin": 321.10302734375,
        "eval/episode_forward_reward": 155.10211181640625,
        "eval/episode_reward": 209.2562255859375,
        "eval/episode_reward_alive": 81.5625,
        "eval/episode_reward_linvel": 155.10211181640625,
        "eval/episode_reward_quadctrl": -68.83694458007812,
        "eval/episode_vertical_reward": 41.4285888671875,
        "eval/episode_x_position": 263.1927490234375,
        "eval/episode_x_velocity": 77.55105590820312,
        "eval/episode_y_position": 57.22334289550781,
        "eval/episode_y_velocity": 21.29336166381836,
        "eval/episode_z_position": 41.12989807128906,
        "eval/episode_z_velocity": -1.0171170234680176,
        "eval/episode_distance_from_origin_std": 454.92047119140625,
        "eval/episode_forward_reward_std": 104.63185119628906,
        "eval/episode_reward_std": 130.99996948242188,
        "eval/episode_reward_alive_std": 65.60508728027344,
        "eval/episode_reward_linvel_std": 104.63185119628906,
        "eval/episode_reward_quadctrl_std": 54.018009185791016,
        "eval/episode_vertical_reward_std": 26.590009689331055,
        "eval/episode_x_position_std": 419.9874267578125,
        "eval/episode_x_velocity_std": 52.31592559814453,
        "eval/episode_y_position_std": 205.61505126953125,
        "eval/episode_y_velocity_std": 41.28886413574219,
        "eval/episode_z_position_std": 26.614608764648438,
        "eval/episode_z_velocity_std": 1.2518454790115356,
        "eval/avg_episode_length": 81.5625,
        "eval/epoch_eval_time": 54.121888637542725,
        "eval/sps": 2365.032027193712
    },
    "15073280": {
        "eval/walltime": 337.9837591648102,
        "training/sps": 6058.1466266333055,
        "training/walltime": 2731.057302236557,
        "training/entropy_loss": -0.007544052321463823,
        "training/policy_loss": -0.010634305886924267,
        "training/total_loss": 0.5306254625320435,
        "training/v_loss": 0.5488038659095764,
        "eval/episode_distance_from_origin": 1357.999267578125,
        "eval/episode_forward_reward": 381.9992980957031,
        "eval/episode_reward": 513.106201171875,
        "eval/episode_reward_alive": 163.046875,
        "eval/episode_reward_linvel": 381.9992980957031,
        "eval/episode_reward_quadctrl": -126.09636688232422,
        "eval/episode_vertical_reward": 94.15666198730469,
        "eval/episode_x_position": 1266.607421875,
        "eval/episode_x_velocity": 190.99964904785156,
        "eval/episode_y_position": 51.141571044921875,
        "eval/episode_y_velocity": 7.26730489730835,
        "eval/episode_z_position": 93.68418884277344,
        "eval/episode_z_velocity": -1.1433203220367432,
        "eval/episode_distance_from_origin_std": 1796.7650146484375,
        "eval/episode_forward_reward_std": 241.12501525878906,
        "eval/episode_reward_std": 329.5313720703125,
        "eval/episode_reward_alive_std": 138.28750610351562,
        "eval/episode_reward_linvel_std": 241.12501525878906,
        "eval/episode_reward_quadctrl_std": 104.86390686035156,
        "eval/episode_vertical_reward_std": 65.50296783447266,
        "eval/episode_x_position_std": 1702.3289794921875,
        "eval/episode_x_velocity_std": 120.56250762939453,
        "eval/episode_y_position_std": 623.1942749023438,
        "eval/episode_y_velocity_std": 74.84273529052734,
        "eval/episode_z_position_std": 65.08076477050781,
        "eval/episode_z_velocity_std": 1.1828666925430298,
        "eval/avg_episode_length": 163.046875,
        "eval/epoch_eval_time": 53.80605483055115,
        "eval/sps": 2378.914425209288
    },
    "22609920": {
        "eval/walltime": 391.7640595436096,
        "training/sps": 6060.260063810447,
        "training/walltime": 3974.6738996505737,
        "training/entropy_loss": -0.005556071177124977,
        "training/policy_loss": -0.009562955237925053,
        "training/total_loss": 0.7224010229110718,
        "training/v_loss": 0.7375199794769287,
        "eval/episode_distance_from_origin": 3638.85546875,
        "eval/episode_forward_reward": 628.13134765625,
        "eval/episode_reward": 848.7227783203125,
        "eval/episode_reward_alive": 242.2265625,
        "eval/episode_reward_linvel": 628.13134765625,
        "eval/episode_reward_quadctrl": -173.77349853515625,
        "eval/episode_vertical_reward": 152.1390838623047,
        "eval/episode_x_position": 3474.52490234375,
        "eval/episode_x_velocity": 314.065673828125,
        "eval/episode_y_position": 134.79440307617188,
        "eval/episode_y_velocity": 2.307340145111084,
        "eval/episode_z_position": 151.36553955078125,
        "eval/episode_z_velocity": -1.1216615438461304,
        "eval/episode_distance_from_origin_std": 6066.22900390625,
        "eval/episode_forward_reward_std": 483.12847900390625,
        "eval/episode_reward_std": 660.9671020507812,
        "eval/episode_reward_alive_std": 218.07041931152344,
        "eval/episode_reward_linvel_std": 483.12847900390625,
        "eval/episode_reward_quadctrl_std": 154.41806030273438,
        "eval/episode_vertical_reward_std": 124.76892852783203,
        "eval/episode_x_position_std": 5819.8447265625,
        "eval/episode_x_velocity_std": 241.56423950195312,
        "eval/episode_y_position_std": 1736.3070068359375,
        "eval/episode_y_velocity_std": 96.0506362915039,
        "eval/episode_z_position_std": 124.18742370605469,
        "eval/episode_z_velocity_std": 1.2671972513198853,
        "eval/avg_episode_length": 242.2265625,
        "eval/epoch_eval_time": 53.78030037879944,
        "eval/sps": 2380.053646008613
    },
    "30146560": {
        "eval/walltime": 445.5570213794708,
        "training/sps": 6059.304694916509,
        "training/walltime": 5218.486577749252,
        "training/entropy_loss": -0.003910438157618046,