{
    "0": {
        "eval/walltime": 68.18057560920715,
        "eval/episode_distance_from_origin": 14.1481294631958,
        "eval/episode_forward_reward": -0.22934842109680176,
        "eval/episode_reward": 65.96697998046875,
        "eval/episode_reward_alive": 85.5859375,
        "eval/episode_reward_linvel": -0.22934842109680176,
        "eval/episode_reward_quadctrl": -19.38960838317871,
        "eval/episode_x_position": 0.21604587137699127,
        "eval/episode_x_velocity": -0.18347874283790588,
        "eval/episode_y_position": -0.05868275463581085,
        "eval/episode_y_velocity": -0.40069350600242615,
        "eval/episode_distance_from_origin_std": 2.5274107456207275,
        "eval/episode_forward_reward_std": 4.195302486419678,
        "eval/episode_reward_std": 13.117212295532227,
        "eval/episode_reward_alive_std": 14.518590927124023,
        "eval/episode_reward_linvel_std": 4.195302486419678,
        "eval/episode_reward_quadctrl_std": 3.5321061611175537,
        "eval/episode_x_position_std": 0.6701570749282837,
        "eval/episode_x_velocity_std": 3.3562421798706055,
        "eval/episode_y_position_std": 0.5429232120513916,
        "eval/episode_y_velocity_std": 3.3403661251068115,
        "eval/avg_episode_length": 17.1171875,
        "eval/epoch_eval_time": 68.18057560920715,
        "eval/sps": 1877.3675472272603
    },
    "327680": {
        "eval/walltime": 78.18146276473999,
        "training/sps": 2580.7178360752014,
        "training/walltime": 126.97242426872253,
        "training/entropy_loss": -0.013404911383986473,
        "training/policy_loss": 0.24056407809257507,
        "training/total_loss": 0.3197528123855591,
        "training/v_loss": 0.09259365499019623,
        "eval/episode_distance_from_origin": 13.852557182312012,
        "eval/episode_forward_reward": 1.8903669118881226,
        "eval/episode_reward": 78.59523010253906,
        "eval/episode_reward_alive": 86.3671875,
        "eval/episode_reward_linvel": 1.8903669118881226,
        "eval/episode_reward_quadctrl": -9.662324905395508,
        "eval/episode_x_position": 0.5158971548080444,
        "eval/episode_x_velocity": 1.5122935771942139,
        "eval/episode_y_position": 0.08068632334470749,
        "eval/episode_y_velocity": 0.4619479179382324,
        "eval/episode_distance_from_origin_std": 3.8355164527893066,
        "eval/episode_forward_reward_std": 2.0861711502075195,
        "eval/episode_reward_std": 20.7039794921875,
        "eval/episode_reward_alive_std": 23.265743255615234,
        "eval/episode_reward_linvel_std": 2.0861711502075195,
        "eval/episode_reward_quadctrl_std": 2.6857409477233887,
        "eval/episode_x_position_std": 0.31148770451545715,
        "eval/episode_x_velocity_std": 1.6689369678497314,
        "eval/episode_y_position_std": 0.42898428440093994,
        "eval/episode_y_velocity_std": 2.3707661628723145,
        "eval/avg_episode_length": 17.2734375,
        "eval/epoch_eval_time": 10.000887155532837,
        "eval/sps": 12798.864541650784
    },
    "655360": {
        "eval/walltime": 88.13466691970825,
        "training/sps": 82792.21115499809,
        "training/walltime": 130.93028450012207,
        "training/entropy_loss": -0.013289883732795715,
        "training/policy_loss": -0.057229988276958466,
        "training/total_loss": 0.08336465805768967,
        "training/v_loss": 0.15388453006744385,
        "eval/episode_distance_from_origin": 18.780179977416992,
        "eval/episode_forward_reward": 2.2405295372009277,
        "eval/episode_reward": 105.88677978515625,
        "eval/episode_reward_alive": 116.9140625,
        "eval/episode_reward_linvel": 2.2405295372009277,
        "eval/episode_reward_quadctrl": -13.267807006835938,
        "eval/episode_x_position": 0.7312979698181152,
        "eval/episode_x_velocity": 1.7924236059188843,
        "eval/episode_y_position": 0.18788303434848785,
        "eval/episode_y_velocity": 1.0440189838409424,
        "eval/episode_distance_from_origin_std": 5.826162815093994,
        "eval/episode_forward_reward_std": 4.4119768142700195,
        "eval/episode_reward_std": 32.05442810058594,
        "eval/episode_reward_alive_std": 35.49384307861328,
        "eval/episode_reward_linvel_std": 4.4119768142700195,
        "eval/episode_reward_quadctrl_std": 4.04288911819458,
        "eval/episode_x_position_std": 0.8720657825469971,
        "eval/episode_x_velocity_std": 3.5295815467834473,
        "eval/episode_y_position_std": 0.9823347926139832,
        "eval/episode_y_velocity_std": 3.973262071609497,
        "eval/avg_episode_length": 23.3828125,
        "eval/epoch_eval_time": 9.953204154968262,
        "eval/sps": 12860.180300441969
    },
    "983040": {
        "eval/walltime": 97.94043231010437,
        "training/sps": 82964.5175924267,
        "training/walltime": 134.87992477416992,
        "training/entropy_loss": -0.013105509802699089,
        "training/policy_loss": -0.057435303926467896,
        "training/total_loss": 0.10526429116725922,
        "training/v_loss": 0.17580510675907135,
        "eval/episode_distance_from_origin": 23.804405212402344,
        "eval/episode_forward_reward": 3.6370925903320312,
        "eval/episode_reward": 134.4062042236328,
        "eval/episode_reward_alive": 147.5,
        "eval/episode_reward_linvel": 3.6370925903320312,
        "eval/episode_reward_quadctrl": -16.730884552001953,
        "eval/episode_x_position": 1.229842185974121,
        "eval/episode_x_velocity": 2.9096744060516357,
        "eval/episode_y_position": 0.6536880135536194,
        "eval/episode_y_velocity": 2.4179294109344482,
        "eval/episode_distance_from_origin_std": 5.96601676940918,
        "eval/episode_forward_reward_std": 6.428062915802002,
        "eval/episode_reward_std": 33.16192626953125,
        "eval/episode_reward_alive_std": 36.06092834472656,
        "eval/episode_reward_linvel_std": 6.428062915802002,
        "eval/episode_reward_quadctrl_std": 4.1731061935424805,
        "eval/episode_x_position_std": 1.3814054727554321,
        "eval/episode_x_velocity_std": 5.142450332641602,
        "eval/episode_y_position_std": 1.4098957777023315,
        "eval/episode_y_velocity_std": 5.083800792694092,
        "eval/avg_episode_length": 29.5,
        "eval/epoch_eval_time": 9.805765390396118,
        "eval/sps": 13053.545022132052
    },
    "1310720": {
        "eval/walltime": 107.80226945877075,
        "training/sps": 82759.69150343421,
        "training/walltime": 138.83934020996094,
        "training/entropy_loss": -0.012900673784315586,
        "training/policy_loss": -0.04607291519641876,
        "training/total_loss": 0.09428772330284119,
        "training/v_loss": 0.15326130390167236,
        "eval/episode_distance_from_origin": 27.8839111328125,
        "eval/episode_forward_reward": 5.347840785980225,
        "eval/episode_reward": 157.85269165039062,
        "eval/episode_reward_alive": 172.03125,
        "eval/episode_reward_linvel": 5.347840785980225,
        "eval/episode_reward_quadctrl": -19.526403427124023,
        "eval/episode_x_position": 1.7655413150787354,
        "eval/episode_x_velocity": 4.27827262878418,
        "eval/episode_y_position": 0.7388001680374146,
        "eval/episode_y_velocity": 3.111300230026245,
        "eval/episode_distance_from_origin_std": 6.623778820037842,
        "eval/episode_forward_reward_std": 7.5823974609375,
        "eval/episode_reward_std": 36.503662109375,
        "eval/episode_reward_alive_std": 39.19820022583008,
        "eval/episode_reward_linvel_std": 7.5823974609375,
        "eval/episode_reward_quadctrl_std": 4.4644365310668945,
        "eval/episode_x_position_std": 1.7407023906707764,
        "eval/episode_x_velocity_std": 6.065918445587158,
        "eval/episode_y_position_std": 2.3424553871154785,
        "eval/episode_y_velocity_std": 7.286464691162109,
        "eval/avg_episode_length": 34.40625,