{
    "0": {
        "eval/walltime": 212.85030794143677,
        "eval/episode_distance_from_origin": 18.273666381835938,
        "eval/episode_forward_reward": -1.392087697982788,
        "eval/episode_reward": -47.312007904052734,
        "eval/episode_reward_alive": 31.3515625,
        "eval/episode_reward_linvel": -1.392087697982788,
        "eval/episode_reward_quadctrl": -80.97589111328125,
        "eval/episode_vertical_reward": 3.704404354095459,
        "eval/episode_x_position": -5.131481647491455,
        "eval/episode_x_velocity": -1.392087697982788,
        "eval/episode_y_position": 1.8712952136993408,
        "eval/episode_y_velocity": 0.7315226793289185,
        "eval/episode_z_position": 6.806204795837402,
        "eval/episode_z_velocity": -1.326087236404419,
        "eval/episode_distance_from_origin_std": 22.243633270263672,
        "eval/episode_forward_reward_std": 10.38178539276123,
        "eval/episode_reward_std": 32.839603424072266,
        "eval/episode_reward_alive_std": 22.431350708007812,
        "eval/episode_reward_linvel_std": 10.38178539276123,
        "eval/episode_reward_quadctrl_std": 58.01611328125,
        "eval/episode_vertical_reward_std": 3.0705037117004395,
        "eval/episode_x_position_std": 13.798395156860352,
        "eval/episode_x_velocity_std": 10.38178539276123,
        "eval/episode_y_position_std": 19.107894897460938,
        "eval/episode_y_velocity_std": 12.123150825500488,
        "eval/episode_z_position_std": 5.919516563415527,
        "eval/episode_z_velocity_std": 1.2292927503585815,
        "eval/avg_episode_length": 31.3515625,
        "eval/epoch_eval_time": 212.85030794143677,
        "eval/sps": 601.3615918057195
    },
    "655360": {
        "eval/walltime": 266.68104243278503,
        "training/sps": 2509.142723674372,
        "training/walltime": 261.18880915641785,
        "training/entropy_loss": -0.010612623766064644,
        "training/policy_loss": 0.1411597728729248,
        "training/total_loss": 0.24509631097316742,
        "training/v_loss": 0.11454914510250092,
        "eval/episode_distance_from_origin": 12.607378005981445,
        "eval/episode_forward_reward": -1.6599538326263428,
        "eval/episode_reward": -30.769500732421875,
        "eval/episode_reward_alive": 25.4453125,
        "eval/episode_reward_linvel": -1.6599538326263428,
        "eval/episode_reward_quadctrl": -57.47256851196289,
        "eval/episode_vertical_reward": 2.9177088737487793,
        "eval/episode_x_position": -4.071732997894287,
        "eval/episode_x_velocity": -1.6599538326263428,
        "eval/episode_y_position": -0.8576149940490723,
        "eval/episode_y_velocity": -0.5482704639434814,
        "eval/episode_z_position": 5.306818962097168,
        "eval/episode_z_velocity": -1.1830084323883057,
        "eval/episode_distance_from_origin_std": 18.2056941986084,
        "eval/episode_forward_reward_std": 7.229409217834473,
        "eval/episode_reward_std": 22.336387634277344,
        "eval/episode_reward_alive_std": 19.27750015258789,
        "eval/episode_reward_linvel_std": 7.229409217834473,
        "eval/episode_reward_quadctrl_std": 43.71709442138672,
        "eval/episode_vertical_reward_std": 2.536830186843872,
        "eval/episode_x_position_std": 10.074930191040039,
        "eval/episode_x_velocity_std": 7.229409217834473,
        "eval/episode_y_position_std": 14.8654146194458,
        "eval/episode_y_velocity_std": 9.579439163208008,
        "eval/episode_z_position_std": 4.9566121101379395,
        "eval/episode_z_velocity_std": 1.3035120964050293,
        "eval/avg_episode_length": 25.4453125,
        "eval/epoch_eval_time": 53.83073449134827,
        "eval/sps": 2377.823769441086
    },
    "1310720": {
        "eval/walltime": 320.47160291671753,
        "training/sps": 6046.794626230244,
        "training/walltime": 369.57019805908203,
        "training/entropy_loss": -0.010244765318930149,
        "training/policy_loss": -0.016267117112874985,
        "training/total_loss": 0.04441794008016586,
        "training/v_loss": 0.07092982530593872,
        "eval/episode_distance_from_origin": 8.706558227539062,
        "eval/episode_forward_reward": -0.20113353431224823,
        "eval/episode_reward": -21.58913803100586,
        "eval/episode_reward_alive": 21.3046875,
        "eval/episode_reward_linvel": -0.20113353431224823,
        "eval/episode_reward_quadctrl": -44.936920166015625,
        "eval/episode_vertical_reward": 2.24422287940979,
        "eval/episode_x_position": -2.8278415203094482,
        "eval/episode_x_velocity": -0.20113353431224823,
        "eval/episode_y_position": 0.025802642107009888,
        "eval/episode_y_velocity": -0.5930191874504089,
        "eval/episode_z_position": 3.976433753967285,
        "eval/episode_z_velocity": -1.4426929950714111,
        "eval/episode_distance_from_origin_std": 11.125258445739746,
        "eval/episode_forward_reward_std": 5.280795097351074,
        "eval/episode_reward_std": 14.896105766296387,
        "eval/episode_reward_alive_std": 14.424132347106934,
        "eval/episode_reward_linvel_std": 5.280795097351074,
        "eval/episode_reward_quadctrl_std": 30.33540153503418,
        "eval/episode_vertical_reward_std": 1.726653814315796,
        "eval/episode_x_position_std": 6.324484348297119,
        "eval/episode_x_velocity_std": 5.280795097351074,
        "eval/episode_y_position_std": 9.571890830993652,
        "eval/episode_y_velocity_std": 8.180675506591797,
        "eval/episode_z_position_std": 3.2224462032318115,
        "eval/episode_z_velocity_std": 1.1624512672424316,
        "eval/avg_episode_length": 21.3046875,
        "eval/epoch_eval_time": 53.790560483932495,
        "eval/sps": 2379.5996704335184
    },
    "1966080": {
        "eval/walltime": 374.33569979667664,
        "training/sps": 6053.479128271755,
        "training/walltime": 477.831907749176,
        "training/entropy_loss": -0.009861350059509277,
        "training/policy_loss": -0.021640896797180176,
        "training/total_loss": 0.015498064458370209,
        "training/v_loss": 0.04700031131505966,
        "eval/episode_distance_from_origin": 7.968410491943359,
        "eval/episode_forward_reward": -1.6116981506347656,
        "eval/episode_reward": -18.399953842163086,
        "eval/episode_reward_alive": 18.6328125,
        "eval/episode_reward_linvel": -1.6116981506347656,
        "eval/episode_reward_quadctrl": -37.30809020996094,
        "eval/episode_vertical_reward": 1.8870210647583008,
        "eval/episode_x_position": -3.845545768737793,
        "eval/episode_x_velocity": -1.6116981506347656,
        "eval/episode_y_position": 1.8015846014022827,
        "eval/episode_y_velocity": 0.883226752281189,
        "eval/episode_z_position": 3.4071311950683594,
        "eval/episode_z_velocity": -1.4996511936187744,
        "eval/episode_distance_from_origin_std": 14.468832969665527,
        "eval/episode_forward_reward_std": 5.174404621124268,
        "eval/episode_reward_std": 17.208328247070312,
        "eval/episode_reward_alive_std": 16.058422088623047,
        "eval/episode_reward_linvel_std": 5.174404621124268,
        "eval/episode_reward_quadctrl_std": 32.43346405029297,
        "eval/episode_vertical_reward_std": 1.7919915914535522,
        "eval/episode_x_position_std": 10.628276824951172,
        "eval/episode_x_velocity_std": 5.174404621124268,
        "eval/episode_y_position_std": 9.04050350189209,
        "eval/episode_y_velocity_std": 6.189267158508301,
        "eval/episode_z_position_std": 3.592189073562622,
        "eval/episode_z_velocity_std": 1.1635686159133911,
        "eval/avg_episode_length": 18.6328125,
        "eval/epoch_eval_time": 53.864096879959106,
        "eval/sps": 2376.350990999799
    },
    "2621440": {
        "eval/walltime": 428.16267108917236,
        "training/sps": 6056.3593374110005,
        "training/walltime": 586.0421316623688,