{
    "0": {
        "eval/walltime": 136.16183876991272,
        "eval/episode_distance_from_origin": 2.4232115745544434,
        "eval/episode_reward": 7.789582252502441,
        "eval/episode_reward_alive": 5.828125,
        "eval/episode_reward_ctrl": -2.8160030841827393,
        "eval/episode_reward_fwd": 2.0645620822906494,
        "eval/episode_reward_lowvel": 0.0,
        "eval/episode_reward_vert": 2.712897777557373,
        "eval/episode_x_position": -0.5056451559066772,
        "eval/episode_x_velocity": -1.0322810411453247,
        "eval/episode_y_position": 0.04492740333080292,
        "eval/episode_y_velocity": 0.12800393998622894,
        "eval/episode_z_position": 1.980149745941162,
        "eval/episode_z_velocity": -1.0050243139266968,
        "eval/episode_distance_from_origin_std": 1.0420395135879517,
        "eval/episode_reward_std": 3.9202194213867188,
        "eval/episode_reward_alive_std": 1.9339053630828857,
        "eval/episode_reward_ctrl_std": 0.9637024998664856,
        "eval/episode_reward_fwd_std": 3.437263011932373,
        "eval/episode_reward_lowvel_std": 0.0,
        "eval/episode_reward_vert_std": 0.9832763075828552,
        "eval/episode_x_position_std": 1.0383893251419067,
        "eval/episode_x_velocity_std": 1.7186315059661865,
        "eval/episode_y_position_std": 0.9028411507606506,
        "eval/episode_y_velocity_std": 1.575801134109497,
        "eval/episode_z_position_std": 0.7323141098022461,
        "eval/episode_z_velocity_std": 1.1985832452774048,
        "eval/avg_episode_length": 11.65625,
        "eval/epoch_eval_time": 136.16183876991272,
        "eval/sps": 940.0578102965791
    },
    "1310720": {
        "eval/walltime": 173.72401690483093,
        "training/sps": 4622.079406175038,
        "training/walltime": 283.5779926776886,
        "training/entropy_loss": -0.010555779561400414,
        "training/policy_loss": 0.03451338782906532,
        "training/total_loss": 0.03261389210820198,
        "training/v_loss": 0.00865628570318222,
        "eval/episode_distance_from_origin": 4.790438652038574,
        "eval/episode_reward": 14.767118453979492,
        "eval/episode_reward_alive": 10.71875,
        "eval/episode_reward_ctrl": -4.851672649383545,
        "eval/episode_reward_fwd": 3.769721508026123,
        "eval/episode_reward_lowvel": 0.0,
        "eval/episode_reward_vert": 5.130319118499756,
        "eval/episode_x_position": -1.5370304584503174,
        "eval/episode_x_velocity": -1.8848607540130615,
        "eval/episode_y_position": -0.11830003559589386,
        "eval/episode_y_velocity": -0.21481704711914062,
        "eval/episode_z_position": 3.655118227005005,
        "eval/episode_z_velocity": -0.73685622215271,
        "eval/episode_distance_from_origin_std": 2.98742938041687,
        "eval/episode_reward_std": 7.7648444175720215,
        "eval/episode_reward_alive_std": 5.729497909545898,
        "eval/episode_reward_ctrl_std": 2.6182525157928467,
        "eval/episode_reward_fwd_std": 4.693034648895264,
        "eval/episode_reward_lowvel_std": 0.0,
        "eval/episode_reward_vert_std": 2.8331210613250732,
        "eval/episode_x_position_std": 2.6654791831970215,
        "eval/episode_x_velocity_std": 2.346517324447632,
        "eval/episode_y_position_std": 1.6396689414978027,
        "eval/episode_y_velocity_std": 2.3166046142578125,
        "eval/episode_z_position_std": 1.951889991760254,
        "eval/episode_z_velocity_std": 1.2119150161743164,
        "eval/avg_episode_length": 21.4375,
        "eval/epoch_eval_time": 37.56217813491821,
        "eval/sps": 3407.6831098623056
    },
    "2621440": {
        "eval/walltime": 211.193913936615,
        "training/sps": 7730.145096951938,
        "training/walltime": 453.1375524997711,
        "training/entropy_loss": -0.009987389668822289,
        "training/policy_loss": -0.026549946516752243,
        "training/total_loss": -0.024117810651659966,
        "training/v_loss": 0.01241952646523714,
        "eval/episode_distance_from_origin": 10.667298316955566,
        "eval/episode_reward": 31.834150314331055,
        "eval/episode_reward_alive": 20.953125,
        "eval/episode_reward_ctrl": -9.297431945800781,
        "eval/episode_reward_fwd": 9.701480865478516,
        "eval/episode_reward_lowvel": 0.0,
        "eval/episode_reward_vert": 10.47697925567627,
        "eval/episode_x_position": -5.531935691833496,
        "eval/episode_x_velocity": -4.850740432739258,
        "eval/episode_y_position": 0.5085323452949524,
        "eval/episode_y_velocity": 0.08184584975242615,
        "eval/episode_z_position": 7.232278823852539,
        "eval/episode_z_velocity": -0.7299540042877197,
        "eval/episode_distance_from_origin_std": 4.505329132080078,
        "eval/episode_reward_std": 10.51865291595459,
        "eval/episode_reward_alive_std": 8.626684188842773,
        "eval/episode_reward_ctrl_std": 3.8319284915924072,
        "eval/episode_reward_fwd_std": 5.712674617767334,
        "eval/episode_reward_lowvel_std": 0.0,
        "eval/episode_reward_vert_std": 4.568347454071045,
        "eval/episode_x_position_std": 3.8662807941436768,
        "eval/episode_x_velocity_std": 2.856337308883667,
        "eval/episode_y_position_std": 3.431990146636963,
        "eval/episode_y_velocity_std": 3.246608257293701,
        "eval/episode_z_position_std": 3.1840834617614746,
        "eval/episode_z_velocity_std": 1.1793861389160156,
        "eval/avg_episode_length": 41.90625,
        "eval/epoch_eval_time": 37.46989703178406,
        "eval/sps": 3416.075573717837
    },
    "3932160": {
        "eval/walltime": 248.59181022644043,
        "training/sps": 7707.177440861536,
        "training/walltime": 623.2024056911469,
        "training/entropy_loss": -0.009455982595682144,
        "training/policy_loss": -0.021353499963879585,
        "training/total_loss": -0.023197241127490997,
        "training/v_loss": 0.007612241897732019,
        "eval/episode_distance_from_origin": 17.487035751342773,
        "eval/episode_reward": 47.796485900878906,
        "eval/episode_reward_alive": 30.0625,
        "eval/episode_reward_ctrl": -13.067953109741211,
        "eval/episode_reward_fwd": 15.645017623901367,
        "eval/episode_reward_lowvel": 0.0,
        "eval/episode_reward_vert": 15.156926155090332,
        "eval/episode_x_position": -11.688368797302246,
        "eval/episode_x_velocity": -7.822508811950684,
        "eval/episode_y_position": -0.1320352852344513,
        "eval/episode_y_velocity": -0.051801085472106934,
        "eval/episode_z_position": 10.195804595947266,
        "eval/episode_z_velocity": -0.787610650062561,
        "eval/episode_distance_from_origin_std": 7.1429290771484375,
        "eval/episode_reward_std": 13.5621919631958,
        "eval/episode_reward_alive_std": 10.65437126159668,
        "eval/episode_reward_ctrl_std": 4.623382091522217,
        "eval/episode_reward_fwd_std": 5.398133277893066,
        "eval/episode_reward_lowvel_std": 0.0,
        "eval/episode_reward_vert_std": 5.445167541503906,
        "eval/episode_x_position_std": 6.471681594848633,
        "eval/episode_x_velocity_std": 2.699066638946533,
        "eval/episode_y_position_std": 5.6103835105896,
        "eval/episode_y_velocity_std": 2.963750123977661,
        "eval/episode_z_position_std": 3.6374597549438477,
        "eval/episode_z_velocity_std": 1.254892110824585,
        "eval/avg_episode_length": 60.125,
        "eval/epoch_eval_time": 37.39789628982544,
        "eval/sps": 3422.6524136017774
    },
    "5242880": {
        "eval/walltime": 285.87836623191833,
        "training/sps": 7703.005085973897,
        "training/walltime": 793.359375,
        "training/entropy_loss": -0.009027473628520966,
        "training/policy_loss": -0.019682446494698524,
        "training/total_loss": -0.02437649294734001,
        "training/v_loss": 0.004333426244556904,
        "eval/episode_distance_from_origin": 49.88964080810547,